/*
 Navicat Premium Data Transfer

 Source Server         : oracle11g
 Source Server Type    : Oracle
 Source Server Version : 110200
 Source Host           : localhost:1521
 Source Schema         : SCOTT

 Target Server Type    : Oracle
 Target Server Version : 110200
 File Encoding         : 65001

 Date: 16/12/2019 20:03:30
*/


-- ----------------------------
-- Table structure for JB_APPLICATION
-- ----------------------------
--DROP TABLE "SCOTT"."JB_APPLICATION";
CREATE TABLE "SCOTT"."JB_APPLICATION" (
  "ID" NUMBER(9) NOT NULL ,
  "NAME" NVARCHAR2(255) NOT NULL ,
  "BRIEF_INFO" NVARCHAR2(255) ,
  "APP_ID" NVARCHAR2(255) NOT NULL ,
  "APP_SECRET" NVARCHAR2(255) NOT NULL ,
  "ENABLE" CHAR(1) NOT NULL ,
  "CREATE_TIME" DATE NOT NULL ,
  "UPDATE_TIME" DATE NOT NULL ,
  "USER_ID" NUMBER(9) NOT NULL ,
  "UPDATE_USER_ID" NUMBER(9) NOT NULL ,
  "TYPE" NUMBER(9) NOT NULL ,
  "NEED_CHECK_SIGN" CHAR(1) NOT NULL 
)
TABLESPACE "USERS"
LOGGING
NOCOMPRESS
PCTFREE 10
INITRANS 1
STORAGE (
  INITIAL 65536 
  NEXT 1048576 
  MINEXTENTS 1
  MAXEXTENTS 2147483645
  BUFFER_POOL DEFAULT
)
PARALLEL 1
NOCACHE
DISABLE ROW MOVEMENT
;
COMMENT ON COLUMN "SCOTT"."JB_APPLICATION"."ID" IS '主键ID';
COMMENT ON COLUMN "SCOTT"."JB_APPLICATION"."NAME" IS '应用名称';
COMMENT ON COLUMN "SCOTT"."JB_APPLICATION"."BRIEF_INFO" IS '应用简介';
COMMENT ON COLUMN "SCOTT"."JB_APPLICATION"."APP_ID" IS '应用ID';
COMMENT ON COLUMN "SCOTT"."JB_APPLICATION"."APP_SECRET" IS '应用密钥';
COMMENT ON COLUMN "SCOTT"."JB_APPLICATION"."ENABLE" IS '是否启用';
COMMENT ON COLUMN "SCOTT"."JB_APPLICATION"."CREATE_TIME" IS '创建时间';
COMMENT ON COLUMN "SCOTT"."JB_APPLICATION"."UPDATE_TIME" IS '更新时间';
COMMENT ON COLUMN "SCOTT"."JB_APPLICATION"."USER_ID" IS '创建用户ID';
COMMENT ON COLUMN "SCOTT"."JB_APPLICATION"."UPDATE_USER_ID" IS '更新用户ID';
COMMENT ON COLUMN "SCOTT"."JB_APPLICATION"."TYPE" IS 'app类型';
COMMENT ON COLUMN "SCOTT"."JB_APPLICATION"."NEED_CHECK_SIGN" IS '是否需要接口校验SIGN';
COMMENT ON TABLE "SCOTT"."JB_APPLICATION" IS 'API应用中心的应用APP';

-- ----------------------------
-- Table structure for JB_BRAND
-- ----------------------------
--DROP TABLE "SCOTT"."JB_BRAND";
CREATE TABLE "SCOTT"."JB_BRAND" (
  "ID" NUMBER(9) NOT NULL ,
  "NAME" NVARCHAR2(255) NOT NULL ,
  "ENABLE" CHAR(1) NOT NULL ,
  "SORT_RANK" NUMBER(9) NOT NULL ,
  "URL" NVARCHAR2(255) ,
  "LOGO" NVARCHAR2(255) ,
  "REMARK" NVARCHAR2(255) ,
  "ENGLISH_NAME" NVARCHAR2(255) 
)
TABLESPACE "USERS"
LOGGING
NOCOMPRESS
PCTFREE 10
INITRANS 1
STORAGE (
  INITIAL 65536 
  NEXT 1048576 
  MINEXTENTS 1
  MAXEXTENTS 2147483645
  BUFFER_POOL DEFAULT
)
PARALLEL 1
NOCACHE
DISABLE ROW MOVEMENT
;
COMMENT ON COLUMN "SCOTT"."JB_BRAND"."SORT_RANK" IS '排序';
COMMENT ON COLUMN "SCOTT"."JB_BRAND"."URL" IS '网址';
COMMENT ON COLUMN "SCOTT"."JB_BRAND"."LOGO" IS 'logo地址';
COMMENT ON COLUMN "SCOTT"."JB_BRAND"."REMARK" IS '备注描述';
COMMENT ON COLUMN "SCOTT"."JB_BRAND"."ENGLISH_NAME" IS '英文名';
COMMENT ON TABLE "SCOTT"."JB_BRAND" IS '品牌';

-- ----------------------------
-- Table structure for JB_CHANGE_LOG
-- ----------------------------
--DROP TABLE "SCOTT"."JB_CHANGE_LOG";
CREATE TABLE "SCOTT"."JB_CHANGE_LOG" (
  "ID" NUMBER(9) NOT NULL ,
  "CREATE_TIME" TIMESTAMP(6) NOT NULL ,
  "JBOLT_VERSION_ID" NUMBER(9) NOT NULL ,
  "CONTENT" NCLOB 
)
TABLESPACE "USERS"
LOGGING
NOCOMPRESS
PCTFREE 10
INITRANS 1
STORAGE (
  INITIAL 65536 
  NEXT 1048576 
  MINEXTENTS 1
  MAXEXTENTS 2147483645
  BUFFER_POOL DEFAULT
)
PARALLEL 1
NOCACHE
DISABLE ROW MOVEMENT
;
COMMENT ON COLUMN "SCOTT"."JB_CHANGE_LOG"."CREATE_TIME" IS '创建时间';
COMMENT ON COLUMN "SCOTT"."JB_CHANGE_LOG"."JBOLT_VERSION_ID" IS 'jbolt版本ID';
COMMENT ON COLUMN "SCOTT"."JB_CHANGE_LOG"."CONTENT" IS '内容';
COMMENT ON TABLE "SCOTT"."JB_CHANGE_LOG" IS 'changeLog';

-- ----------------------------
-- Table structure for JB_DEMOTABLE
-- ----------------------------
--DROP TABLE "SCOTT"."JB_DEMOTABLE";
CREATE TABLE "SCOTT"."JB_DEMOTABLE" (
  "ID" NUMBER(9) NOT NULL ,
  "DEMO_DATE" TIMESTAMP(6) ,
  "DEMO_TIME" NVARCHAR2(255) ,
  "DEMO_DATE_TIME" TIMESTAMP(6) ,
  "DEMO_WEEK" NVARCHAR2(255) ,
  "DEMO_MONTH" NVARCHAR2(255) ,
  "TIME" NVARCHAR2(255) ,
  "ENABLE" CHAR(1) ,
  "PID" NUMBER(9) ,
  "SORT_RANK" NUMBER(9) ,
  "NAME" NVARCHAR2(255) ,
  "AGE" NUMBER(9) ,
  "BREIF_INFO" NVARCHAR2(255) ,
  "IS_SYSTEM_ADMIN" CHAR(1) 
)
TABLESPACE "USERS"
LOGGING
NOCOMPRESS
PCTFREE 10
INITRANS 1
STORAGE (
  BUFFER_POOL DEFAULT
)
PARALLEL 1
NOCACHE
DISABLE ROW MOVEMENT
;
COMMENT ON COLUMN "SCOTT"."JB_DEMOTABLE"."ID" IS '主键ID';
COMMENT ON COLUMN "SCOTT"."JB_DEMOTABLE"."DEMO_DATE" IS 'demo日期';
COMMENT ON COLUMN "SCOTT"."JB_DEMOTABLE"."DEMO_TIME" IS 'demo时间';
COMMENT ON COLUMN "SCOTT"."JB_DEMOTABLE"."DEMO_DATE_TIME" IS 'demo日期与时间';
COMMENT ON COLUMN "SCOTT"."JB_DEMOTABLE"."DEMO_WEEK" IS 'demo周';
COMMENT ON COLUMN "SCOTT"."JB_DEMOTABLE"."DEMO_MONTH" IS 'demo月';
COMMENT ON COLUMN "SCOTT"."JB_DEMOTABLE"."TIME" IS 'demo纯时间';
COMMENT ON COLUMN "SCOTT"."JB_DEMOTABLE"."ENABLE" IS '启用';
COMMENT ON COLUMN "SCOTT"."JB_DEMOTABLE"."PID" IS '父级ID';
COMMENT ON COLUMN "SCOTT"."JB_DEMOTABLE"."SORT_RANK" IS '序号';
COMMENT ON COLUMN "SCOTT"."JB_DEMOTABLE"."NAME" IS '姓名';
COMMENT ON COLUMN "SCOTT"."JB_DEMOTABLE"."AGE" IS '年龄';
COMMENT ON COLUMN "SCOTT"."JB_DEMOTABLE"."BREIF_INFO" IS '简介';
COMMENT ON COLUMN "SCOTT"."JB_DEMOTABLE"."IS_SYSTEM_ADMIN" IS '是否为管理';

-- ----------------------------
-- Table structure for JB_DICTIONARY
-- ----------------------------
--DROP TABLE "SCOTT"."JB_DICTIONARY";
CREATE TABLE "SCOTT"."JB_DICTIONARY" (
  "ID" NUMBER(9) NOT NULL ,
  "NAME" NVARCHAR2(255) NOT NULL ,
  "TYPE_ID" NUMBER(9) NOT NULL ,
  "TYPE_KEY" NVARCHAR2(40),
  "PID" NUMBER(9) NOT NULL ,
  "SORT_RANK" NUMBER(9) NOT NULL ,
  "SN" NVARCHAR2(255) 
)
TABLESPACE "USERS"
LOGGING
NOCOMPRESS
PCTFREE 10
INITRANS 1
STORAGE (
  INITIAL 65536 
  NEXT 1048576 
  MINEXTENTS 1
  MAXEXTENTS 2147483645
  BUFFER_POOL DEFAULT
)
PARALLEL 1
NOCACHE
DISABLE ROW MOVEMENT
;
COMMENT ON COLUMN "SCOTT"."JB_DICTIONARY"."ID" IS '字典ID主键';
COMMENT ON COLUMN "SCOTT"."JB_DICTIONARY"."NAME" IS '名称';
COMMENT ON COLUMN "SCOTT"."JB_DICTIONARY"."TYPE_ID" IS '字典类型ID';
COMMENT ON COLUMN "SCOTT"."JB_DICTIONARY"."TYPE_KEY" IS '字典类型KEY';
COMMENT ON COLUMN "SCOTT"."JB_DICTIONARY"."PID" IS '父类ID';
COMMENT ON COLUMN "SCOTT"."JB_DICTIONARY"."SORT_RANK" IS '排序';
COMMENT ON COLUMN "SCOTT"."JB_DICTIONARY"."SN" IS '编号编码';
COMMENT ON TABLE "SCOTT"."JB_DICTIONARY" IS '字典表';

-- ----------------------------
-- Records of JB_DICTIONARY
-- ----------------------------
INSERT INTO "SCOTT"."JB_DICTIONARY" VALUES ('1', '个', '1','goodsunit', '0', '1', NULL);
INSERT INTO "SCOTT"."JB_DICTIONARY" VALUES ('2', '公斤', '1','goodsunit', '0', '2', NULL);
INSERT INTO "SCOTT"."JB_DICTIONARY" VALUES ('3', '瓶', '1','goodsunit', '0', '3', NULL);
INSERT INTO "SCOTT"."JB_DICTIONARY" VALUES ('4', '捆', '1','goodsunit', '0', '4', NULL);

-- ----------------------------
-- Table structure for JB_DICTIONARY_TYPE
-- ----------------------------
--DROP TABLE "SCOTT"."JB_DICTIONARY_TYPE";
CREATE TABLE "SCOTT"."JB_DICTIONARY_TYPE" (
  "ID" NUMBER(9) NOT NULL ,
  "NAME" NVARCHAR2(255) NOT NULL ,
  "MODE_LEVEL" NUMBER(9) NOT NULL ,
  "TYPE_KEY" NVARCHAR2(255) NOT NULL 
)
TABLESPACE "USERS"
LOGGING
NOCOMPRESS
PCTFREE 10
INITRANS 1
STORAGE (
  INITIAL 65536 
  NEXT 1048576 
  MINEXTENTS 1
  MAXEXTENTS 2147483645
  BUFFER_POOL DEFAULT
)
PARALLEL 1
NOCACHE
DISABLE ROW MOVEMENT
;
COMMENT ON COLUMN "SCOTT"."JB_DICTIONARY_TYPE"."ID" IS '主键ID';
COMMENT ON COLUMN "SCOTT"."JB_DICTIONARY_TYPE"."MODE_LEVEL" IS '模式层级';
COMMENT ON COLUMN "SCOTT"."JB_DICTIONARY_TYPE"."TYPE_KEY" IS '标识KEY';
COMMENT ON TABLE "SCOTT"."JB_DICTIONARY_TYPE" IS '字典类型';

-- ----------------------------
-- Records of JB_DICTIONARY_TYPE
-- ----------------------------
INSERT INTO "SCOTT"."JB_DICTIONARY_TYPE" VALUES ('1', '商品单位', '1', 'goodsunit');

-- ----------------------------
-- Table structure for JB_DOWNLOAD_LOG
-- ----------------------------
--DROP TABLE "SCOTT"."JB_DOWNLOAD_LOG";
CREATE TABLE "SCOTT"."JB_DOWNLOAD_LOG" (
  "ID" NUMBER(9) NOT NULL ,
  "IPADDRESS" NVARCHAR2(255) NOT NULL ,
  "DOWNLOAD_TYPE" NUMBER(9) NOT NULL ,
  "DOWNLOAD_TIME" TIMESTAMP(6) NOT NULL 
)
TABLESPACE "USERS"
LOGGING
NOCOMPRESS
PCTFREE 10
INITRANS 1
STORAGE (
  INITIAL 65536 
  NEXT 1048576 
  MINEXTENTS 1
  MAXEXTENTS 2147483645
  BUFFER_POOL DEFAULT
)
PARALLEL 1
NOCACHE
DISABLE ROW MOVEMENT
;
COMMENT ON COLUMN "SCOTT"."JB_DOWNLOAD_LOG"."DOWNLOAD_TYPE" IS '下载类型';
COMMENT ON COLUMN "SCOTT"."JB_DOWNLOAD_LOG"."DOWNLOAD_TIME" IS '下载时间';
COMMENT ON TABLE "SCOTT"."JB_DOWNLOAD_LOG" IS '下载log';

-- ----------------------------
-- Table structure for JB_GLOBAL_CONFIG
-- ----------------------------
--DROP TABLE "SCOTT"."JB_GLOBAL_CONFIG";
CREATE TABLE "SCOTT"."JB_GLOBAL_CONFIG" (
  "ID" NUMBER(9) NOT NULL ,
  "CONFIG_KEY" NVARCHAR2(255) NOT NULL ,
  "CONFIG_VALUE" NVARCHAR2(255) NOT NULL ,
  "CREATE_TIME" TIMESTAMP(6) NOT NULL ,
  "USER_ID" NUMBER(9) NOT NULL ,
  "UPDATE_TIME" TIMESTAMP(6) NOT NULL ,
  "UPDATE_USER_ID" NUMBER(9) NOT NULL ,
  "NAME" NVARCHAR2(255) NOT NULL ,
  "VALUE_TYPE" NVARCHAR2(40) 
)
TABLESPACE "USERS"
LOGGING
NOCOMPRESS
PCTFREE 10
INITRANS 1
STORAGE (
  INITIAL 65536 
  NEXT 1048576 
  MINEXTENTS 1
  MAXEXTENTS 2147483645
  BUFFER_POOL DEFAULT
)
PARALLEL 1
NOCACHE
DISABLE ROW MOVEMENT
;
COMMENT ON COLUMN "SCOTT"."JB_GLOBAL_CONFIG"."CONFIG_KEY" IS '配置KEY';
COMMENT ON COLUMN "SCOTT"."JB_GLOBAL_CONFIG"."CONFIG_VALUE" IS '配置项值';
COMMENT ON COLUMN "SCOTT"."JB_GLOBAL_CONFIG"."CREATE_TIME" IS '创建时间';
COMMENT ON COLUMN "SCOTT"."JB_GLOBAL_CONFIG"."USER_ID" IS '创建用户ID';
COMMENT ON COLUMN "SCOTT"."JB_GLOBAL_CONFIG"."UPDATE_TIME" IS '更新时间';
COMMENT ON COLUMN "SCOTT"."JB_GLOBAL_CONFIG"."UPDATE_USER_ID" IS '更新用户ID';
COMMENT ON COLUMN "SCOTT"."JB_GLOBAL_CONFIG"."VALUE_TYPE" IS '类型';
COMMENT ON TABLE "SCOTT"."JB_GLOBAL_CONFIG" IS '全局配置';

-- ----------------------------
-- Records of JB_GLOBAL_CONFIG
-- ----------------------------
INSERT INTO "SCOTT"."JB_GLOBAL_CONFIG" VALUES ('5', 'WECHAT_ASSETS_SERVER_DOMAIN', 'http://jbolt.cn', TO_TIMESTAMP('2019-12-16 01:01:52.089000', 'SYYYY-MM-DD HH24:MI:SS:FF6'), '1', TO_TIMESTAMP('2019-12-16 01:01:52.089000', 'SYYYY-MM-DD HH24:MI:SS:FF6'), '1', '微信_静态资源_根URL', 'string');
INSERT INTO "SCOTT"."JB_GLOBAL_CONFIG" VALUES ('6', 'SYSTEM_NAME', 'JBolt极速开发平台', TO_TIMESTAMP('2019-12-16 01:01:52.093000', 'SYYYY-MM-DD HH24:MI:SS:FF6'), '1', TO_TIMESTAMP('2019-12-16 01:01:52.093000', 'SYYYY-MM-DD HH24:MI:SS:FF6'), '1', '系统名称', 'string');
INSERT INTO "SCOTT"."JB_GLOBAL_CONFIG" VALUES ('7', 'SYSTEM_ADMIN_LOGO', '/assets/img/logo.png', TO_TIMESTAMP('2019-12-16 01:01:52.096000', 'SYYYY-MM-DD HH24:MI:SS:FF6'), '1', TO_TIMESTAMP('2019-12-16 01:01:52.096000', 'SYYYY-MM-DD HH24:MI:SS:FF6'), '1', '系统后台主页LOGO', 'string');
INSERT INTO "SCOTT"."JB_GLOBAL_CONFIG" VALUES ('8', 'SYSTEM_COPYRIGHT_COMPANY', '？JBolt(JBOLT.CN)', TO_TIMESTAMP('2019-12-16 01:01:52.098000', 'SYYYY-MM-DD HH24:MI:SS:FF6'), '1', TO_TIMESTAMP('2019-12-16 01:01:52.098000', 'SYYYY-MM-DD HH24:MI:SS:FF6'), '1', '系统版权所有人', 'string');
INSERT INTO "SCOTT"."JB_GLOBAL_CONFIG" VALUES ('9', 'SYSTEM_COPYRIGHT_LINK', 'http://jbolt.cn', TO_TIMESTAMP('2019-12-16 01:01:52.101000', 'SYYYY-MM-DD HH24:MI:SS:FF6'), '1', TO_TIMESTAMP('2019-12-16 01:01:52.101000', 'SYYYY-MM-DD HH24:MI:SS:FF6'), '1', '系统版权所有人的网址链接', 'string');
INSERT INTO "SCOTT"."JB_GLOBAL_CONFIG" VALUES ('10', 'JBOLT_ADMIN_STYLE', 'default', TO_TIMESTAMP('2019-12-16 01:01:52.104000', 'SYYYY-MM-DD HH24:MI:SS:FF6'), '1', TO_TIMESTAMP('2019-12-16 01:01:52.104000', 'SYYYY-MM-DD HH24:MI:SS:FF6'), '1', '系统Admin后台样式', 'string');
INSERT INTO "SCOTT"."JB_GLOBAL_CONFIG" VALUES ('11', 'JBOLT_ADMIN_WITH_TABS', 'false', TO_TIMESTAMP('2019-12-16 01:01:52.107000', 'SYYYY-MM-DD HH24:MI:SS:FF6'), '1', TO_TIMESTAMP('2019-12-16 01:01:52.107000', 'SYYYY-MM-DD HH24:MI:SS:FF6'), '1', '系统Admin后台是否启用多选项卡', 'boolean');
INSERT INTO "SCOTT"."JB_GLOBAL_CONFIG" VALUES ('12', 'JBOLT_LOGIN_FORM_STYLE_GLASS', 'false', TO_TIMESTAMP('2019-12-16 01:01:52.110000', 'SYYYY-MM-DD HH24:MI:SS:FF6'), '1', TO_TIMESTAMP('2019-12-16 01:01:52.110000', 'SYYYY-MM-DD HH24:MI:SS:FF6'), '1', '系统登录页面是否启用透明玻璃风格', 'boolean');
INSERT INTO "SCOTT"."JB_GLOBAL_CONFIG" VALUES ('13', 'JBOLT_LOGIN_USE_CAPTURE', 'true', TO_TIMESTAMP('2019-12-16 01:01:52.113000', 'SYYYY-MM-DD HH24:MI:SS:FF6'), '1', TO_TIMESTAMP('2019-12-16 01:01:52.113000', 'SYYYY-MM-DD HH24:MI:SS:FF6'), '1', '系统登录页面是否启用验证码', 'boolean');
INSERT INTO "SCOTT"."JB_GLOBAL_CONFIG" VALUES ('14', 'JBOLT_LOGIN_BGIMG_BLUR', 'false', TO_TIMESTAMP('2019-12-16 01:01:52.115000', 'SYYYY-MM-DD HH24:MI:SS:FF6'), '1', TO_TIMESTAMP('2019-12-16 01:01:52.115000', 'SYYYY-MM-DD HH24:MI:SS:FF6'), '1', '系统登录页面背景图是否启用模糊风格', 'boolean');
INSERT INTO "SCOTT"."JB_GLOBAL_CONFIG" VALUES ('15', 'JBOLT_LOGIN_CAPTURE_TYPE', 'default', TO_TIMESTAMP('2019-12-16 01:01:52.117000', 'SYYYY-MM-DD HH24:MI:SS:FF6'), '1', TO_TIMESTAMP('2019-12-16 01:01:52.117000', 'SYYYY-MM-DD HH24:MI:SS:FF6'), '1', '系统登录页验证码类型', 'string');
INSERT INTO "SCOTT"."JB_GLOBAL_CONFIG" VALUES ('16', 'JBOLT_LOGIN_BGIMG', '/assets/css/img/login_bg.jpg', TO_TIMESTAMP('2019-12-16 01:01:52.120000', 'SYYYY-MM-DD HH24:MI:SS:FF6'), '1', TO_TIMESTAMP('2019-12-16 01:01:52.120000', 'SYYYY-MM-DD HH24:MI:SS:FF6'), '1', '系统登录页背景图', 'string');
INSERT INTO "SCOTT"."JB_GLOBAL_CONFIG" VALUES ('3', 'WECHAT_MP_SERVER_DOMAIN', 'http://jbolt.cn/wx/msg', TO_TIMESTAMP('2019-12-16 01:01:52.080000', 'SYYYY-MM-DD HH24:MI:SS:FF6'), '1', TO_TIMESTAMP('2019-12-16 01:01:52.080000', 'SYYYY-MM-DD HH24:MI:SS:FF6'), '1', '微信公众号_服务器配置_根URL', 'string');
INSERT INTO "SCOTT"."JB_GLOBAL_CONFIG" VALUES ('4', 'WECHAT_WXA_SERVER_DOMAIN', 'http://jbolt.cn/wxa/msg', TO_TIMESTAMP('2019-12-16 01:01:52.085000', 'SYYYY-MM-DD HH24:MI:SS:FF6'), '1', TO_TIMESTAMP('2019-12-16 01:01:52.085000', 'SYYYY-MM-DD HH24:MI:SS:FF6'), '1', '微信小程序_客服消息推送配置_根URL', 'string');
INSERT INTO "SCOTT"."JB_GLOBAL_CONFIG" VALUES ('1', 'JBOLT_ACTION_REPORT_WRITER', 'sysout', TO_TIMESTAMP('2019-12-15 23:14:02.580000', 'SYYYY-MM-DD HH24:MI:SS:FF6'), '1', TO_TIMESTAMP('2019-12-15 23:14:02.580000', 'SYYYY-MM-DD HH24:MI:SS:FF6'), '1', 'JFinal Action Report输出方式', 'string');
INSERT INTO "SCOTT"."JB_GLOBAL_CONFIG" VALUES ('2', 'JBOLT_AUTO_CACHE_LOG', 'false', TO_TIMESTAMP('2019-12-15 23:14:02.601000', 'SYYYY-MM-DD HH24:MI:SS:FF6'), '1', TO_TIMESTAMP('2019-12-16 01:02:03.961000', 'SYYYY-MM-DD HH24:MI:SS:FF6'), '1', 'JBolt自动缓存Debug日志', 'boolean');

-- ----------------------------
-- Table structure for JB_GOODS
-- ----------------------------
--DROP TABLE "SCOTT"."JB_GOODS";
CREATE TABLE "SCOTT"."JB_GOODS" (
  "ID" NUMBER(9) NOT NULL ,
  "NAME" NVARCHAR2(255) NOT NULL ,
  "PRICE" NUMBER(10,2) NOT NULL ,
  "ORIGINAL_PRICE" NUMBER(10,2) ,
  "MAIN_IMAGE" NVARCHAR2(255) ,
  "CONTENT_TYPE" NUMBER(9) ,
  "GROUPS" NVARCHAR2(255) ,
  "STOCK_COUNT" NUMBER(9) ,
  "SUB_TITLE" NVARCHAR2(255) ,
  "IS_MULTISPEC" CHAR(1) ,
  "LIMIT_COUNT" NUMBER(9) ,
  "LOCATION_LABEL" NVARCHAR2(255) ,
  "IS_PROVIDE_INVOICES" CHAR(1) ,
  "IS_GUARANTEE" CHAR(1) ,
  "ON_SALE" CHAR(1) ,
  "UNDER_TIME" TIMESTAMP(6) ,
  "ON_SALE_USER_ID" NUMBER(9) ,
  "ON_SALE_TIME" TIMESTAMP(6) ,
  "CREATE_USER_ID" NUMBER(9) NOT NULL ,
  "CREATE_TIME" TIMESTAMP(6) ,
  "UPDATE_TIME" DATE ,
  "UPDATE_USER_ID" NUMBER(9) ,
  "GOODS_UNIT" NUMBER(9) ,
  "REAL_SALE_COUNT" NUMBER(9) ,
  "SHOW_SALE_COUNT" NUMBER(9) ,
  "TYPE_ID" NUMBER(9) ,
  "BRAND_ID" NUMBER(9) ,
  "IS_HOT" CHAR(1) ,
  "IS_RECOMMEND" CHAR(1) ,
  "FCATEGORY_KEY" NVARCHAR2(255) ,
  "BCATEGORY_KEY" NVARCHAR2(255) ,
  "BCATEGORY_ID" NUMBER(9) NOT NULL ,
  "FCATEGORY_ID" NUMBER(9) ,
  "UNDER_USER_ID" NUMBER(9) ,
  "IS_DELETE" CHAR(1) ,
  "GOODS_NO" NVARCHAR2(255) ,
  "EXTRA_IMAGES" NVARCHAR2(1000) 
)
TABLESPACE "USERS"
LOGGING
NOCOMPRESS
PCTFREE 10
INITRANS 1
STORAGE (
  INITIAL 65536 
  NEXT 1048576 
  MINEXTENTS 1
  MAXEXTENTS 2147483645
  BUFFER_POOL DEFAULT
)
PARALLEL 1
NOCACHE
DISABLE ROW MOVEMENT
;
COMMENT ON COLUMN "SCOTT"."JB_GOODS"."ID" IS '主键ID';
COMMENT ON COLUMN "SCOTT"."JB_GOODS"."PRICE" IS '单价';
COMMENT ON COLUMN "SCOTT"."JB_GOODS"."ORIGINAL_PRICE" IS '原价';
COMMENT ON COLUMN "SCOTT"."JB_GOODS"."MAIN_IMAGE" IS '主图';
COMMENT ON COLUMN "SCOTT"."JB_GOODS"."CONTENT_TYPE" IS '商品描述类型';
COMMENT ON COLUMN "SCOTT"."JB_GOODS"."GROUPS" IS '商品组ID';
COMMENT ON COLUMN "SCOTT"."JB_GOODS"."STOCK_COUNT" IS '库存量';
COMMENT ON COLUMN "SCOTT"."JB_GOODS"."SUB_TITLE" IS '二级标题';
COMMENT ON COLUMN "SCOTT"."JB_GOODS"."IS_MULTISPEC" IS '是否是多规格';
COMMENT ON COLUMN "SCOTT"."JB_GOODS"."LIMIT_COUNT" IS '限购数量 0=不限制';
COMMENT ON COLUMN "SCOTT"."JB_GOODS"."LOCATION_LABEL" IS '所在地';
COMMENT ON COLUMN "SCOTT"."JB_GOODS"."IS_PROVIDE_INVOICES" IS '是否提供发票';
COMMENT ON COLUMN "SCOTT"."JB_GOODS"."IS_GUARANTEE" IS '是否保修';
COMMENT ON COLUMN "SCOTT"."JB_GOODS"."ON_SALE" IS '是否上架';
COMMENT ON COLUMN "SCOTT"."JB_GOODS"."UNDER_TIME" IS '下架时间';
COMMENT ON COLUMN "SCOTT"."JB_GOODS"."ON_SALE_USER_ID" IS '上架处理人';
COMMENT ON COLUMN "SCOTT"."JB_GOODS"."ON_SALE_TIME" IS '上架时间';
COMMENT ON COLUMN "SCOTT"."JB_GOODS"."CREATE_USER_ID" IS '创建人';
COMMENT ON COLUMN "SCOTT"."JB_GOODS"."CREATE_TIME" IS '创建时间';
COMMENT ON COLUMN "SCOTT"."JB_GOODS"."UPDATE_TIME" IS '更新时间';
COMMENT ON COLUMN "SCOTT"."JB_GOODS"."UPDATE_USER_ID" IS '更新人';
COMMENT ON COLUMN "SCOTT"."JB_GOODS"."GOODS_UNIT" IS '商品单位';
COMMENT ON COLUMN "SCOTT"."JB_GOODS"."REAL_SALE_COUNT" IS '真实销量';
COMMENT ON COLUMN "SCOTT"."JB_GOODS"."SHOW_SALE_COUNT" IS '展示营销销量';
COMMENT ON COLUMN "SCOTT"."JB_GOODS"."TYPE_ID" IS '商品类型';
COMMENT ON COLUMN "SCOTT"."JB_GOODS"."BRAND_ID" IS '商品品牌';
COMMENT ON COLUMN "SCOTT"."JB_GOODS"."IS_HOT" IS '热销';
COMMENT ON COLUMN "SCOTT"."JB_GOODS"."IS_RECOMMEND" IS '推荐';
COMMENT ON COLUMN "SCOTT"."JB_GOODS"."FCATEGORY_KEY" IS '前台分类KEY';
COMMENT ON COLUMN "SCOTT"."JB_GOODS"."BCATEGORY_KEY" IS '后台分类KEY';
COMMENT ON COLUMN "SCOTT"."JB_GOODS"."BCATEGORY_ID" IS '后端分类ID';
COMMENT ON COLUMN "SCOTT"."JB_GOODS"."FCATEGORY_ID" IS '前端分类ID';
COMMENT ON COLUMN "SCOTT"."JB_GOODS"."UNDER_USER_ID" IS '下架处理人';
COMMENT ON COLUMN "SCOTT"."JB_GOODS"."IS_DELETE" IS '是否已删除';
COMMENT ON COLUMN "SCOTT"."JB_GOODS"."GOODS_NO" IS '商品编号';
COMMENT ON COLUMN "SCOTT"."JB_GOODS"."EXTRA_IMAGES" IS '附图集';
COMMENT ON TABLE "SCOTT"."JB_GOODS" IS '商品';

-- ----------------------------
-- Table structure for JB_GOODS_ATTR
-- ----------------------------
--DROP TABLE "SCOTT"."JB_GOODS_ATTR";
CREATE TABLE "SCOTT"."JB_GOODS_ATTR" (
  "ID" NUMBER(9) NOT NULL ,
  "NAME" NVARCHAR2(255) NOT NULL ,
  "VALUE" NVARCHAR2(255) NOT NULL ,
  "GOODS_ID" NUMBER(9) NOT NULL 
)
TABLESPACE "USERS"
LOGGING
NOCOMPRESS
PCTFREE 10
INITRANS 1
STORAGE (
  BUFFER_POOL DEFAULT
)
PARALLEL 1
NOCACHE
DISABLE ROW MOVEMENT
;
COMMENT ON COLUMN "SCOTT"."JB_GOODS_ATTR"."ID" IS '主键ID';
COMMENT ON COLUMN "SCOTT"."JB_GOODS_ATTR"."NAME" IS '属性名';
COMMENT ON COLUMN "SCOTT"."JB_GOODS_ATTR"."VALUE" IS '属性值';
COMMENT ON COLUMN "SCOTT"."JB_GOODS_ATTR"."GOODS_ID" IS '商品ID';
COMMENT ON TABLE "SCOTT"."JB_GOODS_ATTR" IS '商品自定义属性';

-- ----------------------------
-- Table structure for JB_GOODS_BACK_CATEGORY
-- ----------------------------
--DROP TABLE "SCOTT"."JB_GOODS_BACK_CATEGORY";
CREATE TABLE "SCOTT"."JB_GOODS_BACK_CATEGORY" (
  "ID" NUMBER(9) NOT NULL ,
  "NAME" NVARCHAR2(255) NOT NULL ,
  "PID" NUMBER(9) NOT NULL ,
  "TYPE_ID" NUMBER(9) ,
  "ENABLE" CHAR(1) NOT NULL ,
  "CATEGORY_KEY" NVARCHAR2(255) ,
  "SORT_RANK" NUMBER(9) NOT NULL 
)
TABLESPACE "USERS"
LOGGING
NOCOMPRESS
PCTFREE 10
INITRANS 1
STORAGE (
  INITIAL 65536 
  NEXT 1048576 
  MINEXTENTS 1
  MAXEXTENTS 2147483645
  BUFFER_POOL DEFAULT
)
PARALLEL 1
NOCACHE
DISABLE ROW MOVEMENT
;
COMMENT ON COLUMN "SCOTT"."JB_GOODS_BACK_CATEGORY"."ID" IS '主键ID';
COMMENT ON COLUMN "SCOTT"."JB_GOODS_BACK_CATEGORY"."TYPE_ID" IS '商品类型';
COMMENT ON COLUMN "SCOTT"."JB_GOODS_BACK_CATEGORY"."ENABLE" IS '启用 禁用';
COMMENT ON COLUMN "SCOTT"."JB_GOODS_BACK_CATEGORY"."CATEGORY_KEY" IS '所有上级和自身ID串联起来';
COMMENT ON COLUMN "SCOTT"."JB_GOODS_BACK_CATEGORY"."SORT_RANK" IS '排序';
COMMENT ON TABLE "SCOTT"."JB_GOODS_BACK_CATEGORY" IS '商品后台类目表 无限';

-- ----------------------------
-- Records of JB_GOODS_BACK_CATEGORY
-- ----------------------------
INSERT INTO "SCOTT"."JB_GOODS_BACK_CATEGORY" VALUES ('1', '电子数码', '0', NULL, '1', '1', '0');
INSERT INTO "SCOTT"."JB_GOODS_BACK_CATEGORY" VALUES ('2', '笔记本', '1', '1', '1', '1_2', '0');

-- ----------------------------
-- Table structure for JB_GOODS_ELEMENT_CONTENT
-- ----------------------------
--DROP TABLE "SCOTT"."JB_GOODS_ELEMENT_CONTENT";
CREATE TABLE "SCOTT"."JB_GOODS_ELEMENT_CONTENT" (
  "ID" NUMBER(9) NOT NULL ,
  "GOODS_ID" NUMBER(9) NOT NULL ,
  "TYPE" NUMBER(9) NOT NULL ,
  "CONTENT" NVARCHAR2(255) NOT NULL ,
  "SORT_RANK" NUMBER(9) NOT NULL ,
  "SKU_ID" NUMBER(9) NOT NULL 
)
TABLESPACE "USERS"
LOGGING
NOCOMPRESS
PCTFREE 10
INITRANS 1
STORAGE (
  BUFFER_POOL DEFAULT
)
PARALLEL 1
NOCACHE
DISABLE ROW MOVEMENT
;
COMMENT ON COLUMN "SCOTT"."JB_GOODS_ELEMENT_CONTENT"."ID" IS '关联商品ID';
COMMENT ON COLUMN "SCOTT"."JB_GOODS_ELEMENT_CONTENT"."GOODS_ID" IS '商品ID';
COMMENT ON COLUMN "SCOTT"."JB_GOODS_ELEMENT_CONTENT"."CONTENT" IS '内容';
COMMENT ON COLUMN "SCOTT"."JB_GOODS_ELEMENT_CONTENT"."SORT_RANK" IS '排序';
COMMENT ON COLUMN "SCOTT"."JB_GOODS_ELEMENT_CONTENT"."SKU_ID" IS 'SKUID';
COMMENT ON TABLE "SCOTT"."JB_GOODS_ELEMENT_CONTENT" IS '商品关联的单条图片或者问题分类的content列表';

-- ----------------------------
-- Table structure for JB_GOODS_GROUP
-- ----------------------------
--DROP TABLE "SCOTT"."JB_GOODS_GROUP";
CREATE TABLE "SCOTT"."JB_GOODS_GROUP" (
  "ID" NUMBER(9) NOT NULL ,
  "NAME" NVARCHAR2(255) NOT NULL ,
  "SORT_RANK" NVARCHAR2(255) NOT NULL ,
  "ICON" NVARCHAR2(255) ,
  "GOODS_COUNT" NUMBER(9) NOT NULL ,
  "ENABLE" CHAR(1) NOT NULL 
)
TABLESPACE "USERS"
LOGGING
NOCOMPRESS
PCTFREE 10
INITRANS 1
STORAGE (
  BUFFER_POOL DEFAULT
)
PARALLEL 1
NOCACHE
DISABLE ROW MOVEMENT
;
COMMENT ON COLUMN "SCOTT"."JB_GOODS_GROUP"."ID" IS '主键ID';
COMMENT ON COLUMN "SCOTT"."JB_GOODS_GROUP"."NAME" IS '名称';
COMMENT ON COLUMN "SCOTT"."JB_GOODS_GROUP"."SORT_RANK" IS '排序';
COMMENT ON COLUMN "SCOTT"."JB_GOODS_GROUP"."ICON" IS '图标';
COMMENT ON COLUMN "SCOTT"."JB_GOODS_GROUP"."GOODS_COUNT" IS '商品数量';
COMMENT ON COLUMN "SCOTT"."JB_GOODS_GROUP"."ENABLE" IS '是否启用';
COMMENT ON TABLE "SCOTT"."JB_GOODS_GROUP" IS '商品分组';

-- ----------------------------
-- Table structure for JB_GOODS_HTML_CONTENT
-- ----------------------------
--DROP TABLE "SCOTT"."JB_GOODS_HTML_CONTENT";
CREATE TABLE "SCOTT"."JB_GOODS_HTML_CONTENT" (
  "ID" NUMBER(9) NOT NULL ,
  "GOODS_ID" NUMBER(9) ,
  "SKU_ID" NUMBER(9) ,
  "UPDATE_USER_ID" NUMBER(9) ,
  "UPDATE_TIME" TIMESTAMP(6) ,
  "CONTENT" NCLOB 
)
TABLESPACE "USERS"
LOGGING
NOCOMPRESS
PCTFREE 10
INITRANS 1
STORAGE (
  INITIAL 65536 
  NEXT 1048576 
  MINEXTENTS 1
  MAXEXTENTS 2147483645
  BUFFER_POOL DEFAULT
)
PARALLEL 1
NOCACHE
DISABLE ROW MOVEMENT
;
COMMENT ON COLUMN "SCOTT"."JB_GOODS_HTML_CONTENT"."ID" IS '主键ID';
COMMENT ON COLUMN "SCOTT"."JB_GOODS_HTML_CONTENT"."GOODS_ID" IS '商品ID';
COMMENT ON COLUMN "SCOTT"."JB_GOODS_HTML_CONTENT"."SKU_ID" IS 'SKUID';
COMMENT ON COLUMN "SCOTT"."JB_GOODS_HTML_CONTENT"."UPDATE_USER_ID" IS '更新人';
COMMENT ON COLUMN "SCOTT"."JB_GOODS_HTML_CONTENT"."UPDATE_TIME" IS '更新时间';
COMMENT ON COLUMN "SCOTT"."JB_GOODS_HTML_CONTENT"."CONTENT" IS '内容';
COMMENT ON TABLE "SCOTT"."JB_GOODS_HTML_CONTENT" IS '商品关联的html富文本详情';

-- ----------------------------
-- Table structure for JB_GOODS_TYPE
-- ----------------------------
--DROP TABLE "SCOTT"."JB_GOODS_TYPE";
CREATE TABLE "SCOTT"."JB_GOODS_TYPE" (
  "ID" NUMBER(9) NOT NULL ,
  "NAME" NVARCHAR2(255) NOT NULL ,
  "ENABLE" CHAR(1) NOT NULL ,
  "SORT_RANK" NUMBER(9) NOT NULL ,
  "SPEC_COUNT" NUMBER(9) NOT NULL ,
  "ATTR_COUNT" NUMBER(9) NOT NULL ,
  "BRAND_COUNT" NUMBER(9) NOT NULL ,
  "PINYIN" NVARCHAR2(255) NOT NULL ,
  "REMARK" NVARCHAR2(255) 
)
TABLESPACE "USERS"
LOGGING
NOCOMPRESS
PCTFREE 10
INITRANS 1
STORAGE (
  INITIAL 65536 
  NEXT 1048576 
  MINEXTENTS 1
  MAXEXTENTS 2147483645
  BUFFER_POOL DEFAULT
)
PARALLEL 1
NOCACHE
DISABLE ROW MOVEMENT
;
COMMENT ON COLUMN "SCOTT"."JB_GOODS_TYPE"."ID" IS '主键ID';
COMMENT ON COLUMN "SCOTT"."JB_GOODS_TYPE"."ENABLE" IS '是否启用';
COMMENT ON COLUMN "SCOTT"."JB_GOODS_TYPE"."SORT_RANK" IS '排序';
COMMENT ON COLUMN "SCOTT"."JB_GOODS_TYPE"."SPEC_COUNT" IS '规格数量';
COMMENT ON COLUMN "SCOTT"."JB_GOODS_TYPE"."ATTR_COUNT" IS '属性数量';
COMMENT ON COLUMN "SCOTT"."JB_GOODS_TYPE"."BRAND_COUNT" IS '品牌数量';
COMMENT ON COLUMN "SCOTT"."JB_GOODS_TYPE"."PINYIN" IS '拼音';
COMMENT ON COLUMN "SCOTT"."JB_GOODS_TYPE"."REMARK" IS '备注信息';
COMMENT ON TABLE "SCOTT"."JB_GOODS_TYPE" IS '商品类型';

-- ----------------------------
-- Records of JB_GOODS_TYPE
-- ----------------------------
INSERT INTO "SCOTT"."JB_GOODS_TYPE" VALUES ('1', '笔记本', '1', '1', '0', '0', '1', 'bjb', NULL);

-- ----------------------------
-- Table structure for JB_GOODS_TYPE_BRAND
-- ----------------------------
--DROP TABLE "SCOTT"."JB_GOODS_TYPE_BRAND";
CREATE TABLE "SCOTT"."JB_GOODS_TYPE_BRAND" (
  "ID" NUMBER(9) NOT NULL ,
  "GOODS_TYPE_ID" NUMBER(9) NOT NULL ,
  "BRAND_ID" NUMBER(9) NOT NULL 
)
TABLESPACE "USERS"
LOGGING
NOCOMPRESS
PCTFREE 10
INITRANS 1
STORAGE (
  INITIAL 65536 
  NEXT 1048576 
  MINEXTENTS 1
  MAXEXTENTS 2147483645
  BUFFER_POOL DEFAULT
)
PARALLEL 1
NOCACHE
DISABLE ROW MOVEMENT
;
COMMENT ON COLUMN "SCOTT"."JB_GOODS_TYPE_BRAND"."GOODS_TYPE_ID" IS '关联商品类型';
COMMENT ON COLUMN "SCOTT"."JB_GOODS_TYPE_BRAND"."BRAND_ID" IS '关联商品品牌';
COMMENT ON TABLE "SCOTT"."JB_GOODS_TYPE_BRAND" IS '商品类型-品牌中间表';

-- ----------------------------
-- Table structure for JB_JBOLT_FILE
-- ----------------------------
--DROP TABLE "SCOTT"."JB_JBOLT_FILE";
CREATE TABLE "SCOTT"."JB_JBOLT_FILE" (
  "ID" NUMBER(9) NOT NULL ,
  "LOCAL_PATH" NVARCHAR2(255) NOT NULL ,
  "LOCAL_URL" NVARCHAR2(255) NOT NULL ,
  "CDN_URL" NVARCHAR2(255) ,
  "CREATE_TIME" TIMESTAMP(6) NOT NULL ,
  "USER_ID" NUMBER(9) NOT NULL ,
  "FILE_NAME" NVARCHAR2(255) NOT NULL ,
  "FILE_TYPE" NUMBER(9) NOT NULL ,
  "FILE_SIZE" NUMBER(18) NOT NULL ,
  "FILE_SUFFIX" NVARCHAR2(255) 
)
TABLESPACE "USERS"
LOGGING
NOCOMPRESS
PCTFREE 10
INITRANS 1
STORAGE (
  INITIAL 65536 
  NEXT 1048576 
  MINEXTENTS 1
  MAXEXTENTS 2147483645
  BUFFER_POOL DEFAULT
)
PARALLEL 1
NOCACHE
DISABLE ROW MOVEMENT
;
COMMENT ON COLUMN "SCOTT"."JB_JBOLT_FILE"."LOCAL_PATH" IS '保存物理地址';
COMMENT ON COLUMN "SCOTT"."JB_JBOLT_FILE"."LOCAL_URL" IS '本地可访问URL地址';
COMMENT ON COLUMN "SCOTT"."JB_JBOLT_FILE"."CDN_URL" IS '外部CDN地址';
COMMENT ON COLUMN "SCOTT"."JB_JBOLT_FILE"."CREATE_TIME" IS '创建时间';
COMMENT ON COLUMN "SCOTT"."JB_JBOLT_FILE"."USER_ID" IS '用户ID';
COMMENT ON COLUMN "SCOTT"."JB_JBOLT_FILE"."FILE_NAME" IS '文件名';
COMMENT ON COLUMN "SCOTT"."JB_JBOLT_FILE"."FILE_TYPE" IS '文件类型 图片 附件 视频 音频';
COMMENT ON COLUMN "SCOTT"."JB_JBOLT_FILE"."FILE_SIZE" IS '文件大小';
COMMENT ON COLUMN "SCOTT"."JB_JBOLT_FILE"."FILE_SUFFIX" IS '后缀名';
COMMENT ON TABLE "SCOTT"."JB_JBOLT_FILE" IS '文件库';

-- ----------------------------
-- Table structure for JB_JBOLT_VERSION
-- ----------------------------
--DROP TABLE "SCOTT"."JB_JBOLT_VERSION";
CREATE TABLE "SCOTT"."JB_JBOLT_VERSION" (
  "ID" NUMBER(9) NOT NULL ,
  "VERSION" NVARCHAR2(255) NOT NULL ,
  "PUBLISH_TIME" TIMESTAMP(6) NOT NULL ,
  "IS_NEW" CHAR(1) NOT NULL ,
  "CREATE_TIME" TIMESTAMP(6) NOT NULL ,
  "USER_ID" NUMBER(9) NOT NULL 
)
TABLESPACE "USERS"
LOGGING
NOCOMPRESS
PCTFREE 10
INITRANS 1
STORAGE (
  INITIAL 65536 
  NEXT 1048576 
  MINEXTENTS 1
  MAXEXTENTS 2147483645
  BUFFER_POOL DEFAULT
)
PARALLEL 1
NOCACHE
DISABLE ROW MOVEMENT
;
COMMENT ON COLUMN "SCOTT"."JB_JBOLT_VERSION"."PUBLISH_TIME" IS '发布时间';
COMMENT ON COLUMN "SCOTT"."JB_JBOLT_VERSION"."IS_NEW" IS '是否最新版';
COMMENT ON COLUMN "SCOTT"."JB_JBOLT_VERSION"."CREATE_TIME" IS '创建时间';
COMMENT ON COLUMN "SCOTT"."JB_JBOLT_VERSION"."USER_ID" IS '用户ID';
COMMENT ON TABLE "SCOTT"."JB_JBOLT_VERSION" IS 'jbolt版本升级';

-- ----------------------------
-- Table structure for JB_JBOLT_VERSION_FILE
-- ----------------------------
--DROP TABLE "SCOTT"."JB_JBOLT_VERSION_FILE";
CREATE TABLE "SCOTT"."JB_JBOLT_VERSION_FILE" (
  "ID" NUMBER(9) NOT NULL ,
  "URL" NVARCHAR2(255) NOT NULL ,
  "JBOLT_VERSION_ID" NUMBER(9) NOT NULL 
)
TABLESPACE "USERS"
LOGGING
NOCOMPRESS
PCTFREE 10
INITRANS 1
STORAGE (
  INITIAL 65536 
  NEXT 1048576 
  MINEXTENTS 1
  MAXEXTENTS 2147483645
  BUFFER_POOL DEFAULT
)
PARALLEL 1
NOCACHE
DISABLE ROW MOVEMENT
;
COMMENT ON COLUMN "SCOTT"."JB_JBOLT_VERSION_FILE"."JBOLT_VERSION_ID" IS 'jbolt版本ID';
COMMENT ON TABLE "SCOTT"."JB_JBOLT_VERSION_FILE" IS 'JBolt下载版本管理';

-- ----------------------------
-- Table structure for JB_ORDER
-- ----------------------------
--DROP TABLE "SCOTT"."JB_ORDER";
CREATE TABLE "SCOTT"."JB_ORDER" (
  "ID" NUMBER(9) NOT NULL ,
  "ORDER_NO" NVARCHAR2(255) NOT NULL ,
  "CREATE_TIME" TIMESTAMP(6) NOT NULL ,
  "BUYER_ID" NUMBER(9) NOT NULL ,
  "BUYER_NAME" NVARCHAR2(255) NOT NULL ,
  "UPDATE_TIME" TIMESTAMP(6) NOT NULL ,
  "PAYMENT_TIME" TIMESTAMP(6) ,
  "CONSIGN_TIME" TIMESTAMP(6) ,
  "FINISH_TIME" TIMESTAMP(6) ,
  "CLOSE_TIME" TIMESTAMP(6) ,
  "BUYER_MESSAGE" NVARCHAR2(255) ,
  "BUYER_RATE" CHAR(1) ,
  "STATE" NUMBER(9) ,
  "GOODS_AMOUNT" NUMBER(10,2) NOT NULL ,
  "POST_FEE" NUMBER(10,2) NOT NULL ,
  "PAYMENT_AMOUNT" NUMBER(10,2) NOT NULL ,
  "PAYMENT_TYPE" NUMBER(9) NOT NULL ,
  "ONLINE_PAYMENT_TYPE" NUMBER(9) ,
  "CLOSE_TYPE" NUMBER(9) ,
  "CLOSE_UESR_ID" NUMBER(9) 
)
TABLESPACE "USERS"
LOGGING
NOCOMPRESS
PCTFREE 10
INITRANS 1
STORAGE (
  BUFFER_POOL DEFAULT
)
PARALLEL 1
NOCACHE
DISABLE ROW MOVEMENT
;
COMMENT ON COLUMN "SCOTT"."JB_ORDER"."ID" IS '主键ID';
COMMENT ON COLUMN "SCOTT"."JB_ORDER"."ORDER_NO" IS '订单编号';
COMMENT ON COLUMN "SCOTT"."JB_ORDER"."CREATE_TIME" IS '下单时间';
COMMENT ON COLUMN "SCOTT"."JB_ORDER"."BUYER_ID" IS '买家ID';
COMMENT ON COLUMN "SCOTT"."JB_ORDER"."BUYER_NAME" IS '冗余买家名字';
COMMENT ON COLUMN "SCOTT"."JB_ORDER"."UPDATE_TIME" IS '更新时间';
COMMENT ON COLUMN "SCOTT"."JB_ORDER"."PAYMENT_TIME" IS '付款时间';
COMMENT ON COLUMN "SCOTT"."JB_ORDER"."CONSIGN_TIME" IS '发货时间';
COMMENT ON COLUMN "SCOTT"."JB_ORDER"."FINISH_TIME" IS '交易完成时间';
COMMENT ON COLUMN "SCOTT"."JB_ORDER"."CLOSE_TIME" IS '订单关闭时间';
COMMENT ON COLUMN "SCOTT"."JB_ORDER"."BUYER_MESSAGE" IS '卖家留言';
COMMENT ON COLUMN "SCOTT"."JB_ORDER"."BUYER_RATE" IS '买家是否已经评价';
COMMENT ON COLUMN "SCOTT"."JB_ORDER"."STATE" IS '订单状态 待付款 已付款 已发货 订单完成 订单关闭';
COMMENT ON COLUMN "SCOTT"."JB_ORDER"."GOODS_AMOUNT" IS '总额';
COMMENT ON COLUMN "SCOTT"."JB_ORDER"."POST_FEE" IS '运费';
COMMENT ON COLUMN "SCOTT"."JB_ORDER"."PAYMENT_AMOUNT" IS '应付总额';
COMMENT ON COLUMN "SCOTT"."JB_ORDER"."PAYMENT_TYPE" IS '支付类型 在线支付 货到付款';
COMMENT ON COLUMN "SCOTT"."JB_ORDER"."ONLINE_PAYMENT_TYPE" IS '在线支付选择了谁';
COMMENT ON COLUMN "SCOTT"."JB_ORDER"."CLOSE_TYPE" IS '通过什么方式关闭 后台管理 or 客户自身';
COMMENT ON COLUMN "SCOTT"."JB_ORDER"."CLOSE_UESR_ID" IS '关闭订单用户ID';
COMMENT ON TABLE "SCOTT"."JB_ORDER" IS '商城订单';

-- ----------------------------
-- Table structure for JB_ORDER_ITEM
-- ----------------------------
--DROP TABLE "SCOTT"."JB_ORDER_ITEM";
CREATE TABLE "SCOTT"."JB_ORDER_ITEM" (
  "ID" NUMBER(9) NOT NULL ,
  "ORDER_ID" NUMBER(9) NOT NULL ,
  "GOODS_ID" NUMBER(9) NOT NULL ,
  "GOODS_NAME" NVARCHAR2(255) NOT NULL ,
  "GOODS_SUB_TITLE" NVARCHAR2(255) ,
  "PRICE" NUMBER(10,2) NOT NULL ,
  "GOODS_COUNT" NUMBER(9) NOT NULL ,
  "GOODS_AMOUNT" NUMBER(10,2) NOT NULL ,
  "GOODS_IMAGE" NVARCHAR2(255) NOT NULL ,
  "ORDER_NO" NVARCHAR2(255) NOT NULL ,
  "ORIGINAL_PRICE" NUMBER(10,2) ,
  "SAVE_PRICE" NUMBER(10,2) NOT NULL ,
  "SAVE_AMOUNT" NUMBER(10,2) NOT NULL 
)
TABLESPACE "USERS"
LOGGING
NOCOMPRESS
PCTFREE 10
INITRANS 1
STORAGE (
  BUFFER_POOL DEFAULT
)
PARALLEL 1
NOCACHE
DISABLE ROW MOVEMENT
;
COMMENT ON COLUMN "SCOTT"."JB_ORDER_ITEM"."ID" IS '主键ID';
COMMENT ON COLUMN "SCOTT"."JB_ORDER_ITEM"."ORDER_ID" IS '订单ID';
COMMENT ON COLUMN "SCOTT"."JB_ORDER_ITEM"."GOODS_ID" IS '商品ID';
COMMENT ON COLUMN "SCOTT"."JB_ORDER_ITEM"."GOODS_NAME" IS '商品名称';
COMMENT ON COLUMN "SCOTT"."JB_ORDER_ITEM"."GOODS_SUB_TITLE" IS '二级促销标题';
COMMENT ON COLUMN "SCOTT"."JB_ORDER_ITEM"."PRICE" IS '单价';
COMMENT ON COLUMN "SCOTT"."JB_ORDER_ITEM"."GOODS_COUNT" IS '商品数量';
COMMENT ON COLUMN "SCOTT"."JB_ORDER_ITEM"."GOODS_AMOUNT" IS '总额';
COMMENT ON COLUMN "SCOTT"."JB_ORDER_ITEM"."GOODS_IMAGE" IS '商品图';
COMMENT ON COLUMN "SCOTT"."JB_ORDER_ITEM"."ORDER_NO" IS '订单编号';
COMMENT ON COLUMN "SCOTT"."JB_ORDER_ITEM"."ORIGINAL_PRICE" IS '原价';
COMMENT ON COLUMN "SCOTT"."JB_ORDER_ITEM"."SAVE_PRICE" IS '单个节省价格';
COMMENT ON COLUMN "SCOTT"."JB_ORDER_ITEM"."SAVE_AMOUNT" IS '一共节省多少钱';
COMMENT ON TABLE "SCOTT"."JB_ORDER_ITEM" IS '订单详情表';

-- ----------------------------
-- Table structure for JB_ORDER_SHIPPING
-- ----------------------------
--DROP TABLE "SCOTT"."JB_ORDER_SHIPPING";
CREATE TABLE "SCOTT"."JB_ORDER_SHIPPING" (
  "ID" NUMBER(9) NOT NULL ,
  "ORDER_ID" NUMBER(9) NOT NULL ,
  "NAME" NVARCHAR2(255) NOT NULL ,
  "PHONE" NVARCHAR2(255) NOT NULL ,
  "MOBILE" NVARCHAR2(255) ,
  "BUYER_NICKNAME" NVARCHAR2(255) NOT NULL ,
  "PROVINCE" NVARCHAR2(255) NOT NULL ,
  "CITY" NVARCHAR2(255) NOT NULL ,
  "COUNTY" NVARCHAR2(255) ,
  "ADDRESS" NVARCHAR2(255) NOT NULL ,
  "ZIPCODE" NVARCHAR2(255) ,
  "CREATE_TIME" TIMESTAMP(6) NOT NULL ,
  "UPDATE_TIME" TIMESTAMP(6) NOT NULL ,
  "UPDATE_USER_ID" NUMBER(9) NOT NULL ,
  "ORDER_NO" NVARCHAR2(255) NOT NULL ,
  "BUYER_ID" NUMBER(9) NOT NULL 
)
TABLESPACE "USERS"
LOGGING
NOCOMPRESS
PCTFREE 10
INITRANS 1
STORAGE (
  BUFFER_POOL DEFAULT
)
PARALLEL 1
NOCACHE
DISABLE ROW MOVEMENT
;
COMMENT ON COLUMN "SCOTT"."JB_ORDER_SHIPPING"."ID" IS '主键ID';
COMMENT ON COLUMN "SCOTT"."JB_ORDER_SHIPPING"."ORDER_ID" IS '订单ID';
COMMENT ON COLUMN "SCOTT"."JB_ORDER_SHIPPING"."NAME" IS '收件人姓名';
COMMENT ON COLUMN "SCOTT"."JB_ORDER_SHIPPING"."PHONE" IS '收件人固话';
COMMENT ON COLUMN "SCOTT"."JB_ORDER_SHIPPING"."MOBILE" IS '移动电话';
COMMENT ON COLUMN "SCOTT"."JB_ORDER_SHIPPING"."BUYER_NICKNAME" IS '买方昵称';
COMMENT ON COLUMN "SCOTT"."JB_ORDER_SHIPPING"."PROVINCE" IS '省份';
COMMENT ON COLUMN "SCOTT"."JB_ORDER_SHIPPING"."CITY" IS '城市';
COMMENT ON COLUMN "SCOTT"."JB_ORDER_SHIPPING"."COUNTY" IS '区县';
COMMENT ON COLUMN "SCOTT"."JB_ORDER_SHIPPING"."ADDRESS" IS '收件具体地址';
COMMENT ON COLUMN "SCOTT"."JB_ORDER_SHIPPING"."ZIPCODE" IS '邮政编码';
COMMENT ON COLUMN "SCOTT"."JB_ORDER_SHIPPING"."CREATE_TIME" IS '创建时间';
COMMENT ON COLUMN "SCOTT"."JB_ORDER_SHIPPING"."UPDATE_TIME" IS '更新时间';
COMMENT ON COLUMN "SCOTT"."JB_ORDER_SHIPPING"."UPDATE_USER_ID" IS '更新人ID';
COMMENT ON COLUMN "SCOTT"."JB_ORDER_SHIPPING"."ORDER_NO" IS '订单编号';
COMMENT ON COLUMN "SCOTT"."JB_ORDER_SHIPPING"."BUYER_ID" IS '买方用户ID';
COMMENT ON TABLE "SCOTT"."JB_ORDER_SHIPPING" IS '订单物流信息';

-- ----------------------------
-- Table structure for JB_PERMISSION
-- ----------------------------
--DROP TABLE "SCOTT"."JB_PERMISSION";
CREATE TABLE "SCOTT"."JB_PERMISSION" (
  "ID" NUMBER(9) NOT NULL ,
  "TITLE" NVARCHAR2(40) NOT NULL ,
  "PID" NUMBER(9) NOT NULL ,
  "URL" NVARCHAR2(255) ,
  "ICONS" NVARCHAR2(40) ,
  "SORT_RANK" NUMBER(9) NOT NULL ,
  "PERMISSION_LEVEL" NUMBER(9) NOT NULL ,
  "PERMISSION_KEY" NVARCHAR2(255) NOT NULL ,
  "IS_MENU" CHAR(1) NOT NULL ,
  "IS_TARGET_BLANK" CHAR(1) ,
  "IS_SYSTEM_ADMIN_DEFAULT" CHAR(1) NOT NULL,
  "OPEN_TYPE" NUMBER(9) DEFAULT 1, 
  "OPEN_OPTION" NVARCHAR2(255)
)
TABLESPACE "USERS"
LOGGING
NOCOMPRESS
PCTFREE 10
INITRANS 1
STORAGE (
  INITIAL 65536 
  NEXT 1048576 
  MINEXTENTS 1
  MAXEXTENTS 2147483645
  BUFFER_POOL DEFAULT
)
PARALLEL 1
NOCACHE
DISABLE ROW MOVEMENT
;
COMMENT ON COLUMN "SCOTT"."JB_PERMISSION"."ID" IS '主键';
COMMENT ON COLUMN "SCOTT"."JB_PERMISSION"."URL" IS '地址';
COMMENT ON COLUMN "SCOTT"."JB_PERMISSION"."ICONS" IS '图标';
COMMENT ON COLUMN "SCOTT"."JB_PERMISSION"."SORT_RANK" IS '排序';
COMMENT ON COLUMN "SCOTT"."JB_PERMISSION"."PERMISSION_LEVEL" IS '层级';
COMMENT ON COLUMN "SCOTT"."JB_PERMISSION"."PERMISSION_KEY" IS '权限资源KEY';
COMMENT ON COLUMN "SCOTT"."JB_PERMISSION"."IS_MENU" IS '是否是菜单';
COMMENT ON COLUMN "SCOTT"."JB_PERMISSION"."IS_TARGET_BLANK" IS '是否新窗口打开';
COMMENT ON COLUMN "SCOTT"."JB_PERMISSION"."IS_SYSTEM_ADMIN_DEFAULT" IS '是否系统超级管理员默认拥有的权限';
COMMENT ON COLUMN "SCOTT"."JB_PERMISSION"."OPEN_TYPE" IS '打开类型 1 默认 2 iframe 3 dialog';
COMMENT ON COLUMN "SCOTT"."JB_PERMISSION"."OPEN_OPTION" IS '组件属性json';
COMMENT ON TABLE "SCOTT"."JB_PERMISSION" IS 'function定义';

-- ----------------------------
-- Records of JB_PERMISSION
-- ----------------------------
INSERT INTO "SCOTT"."JB_PERMISSION" VALUES ('3', '操作台', '0', '/admin/dashboard', 'fa fa-home', '1', '1', 'dashboard', '1', '0', '1',1,NULL);
INSERT INTO "SCOTT"."JB_PERMISSION" VALUES ('4', '个人设置', '0', NULL, 'fa fa-user', '2', '1', 'userinfomgr', '1', '0', '1',1,NULL);
INSERT INTO "SCOTT"."JB_PERMISSION" VALUES ('5', '修改密码', '4', '/admin/user/pwd', NULL, '1', '2', 'userpwd', '1', NULL, '1',1,NULL);
INSERT INTO "SCOTT"."JB_PERMISSION" VALUES ('6', '系统维护', '0', NULL, 'fa fa-cogs', '3', '1', 'systemmgr', '1', NULL, '1',1,NULL);
INSERT INTO "SCOTT"."JB_PERMISSION" VALUES ('7', '角色权限管理', '6', '/admin/role', NULL, '1', '2', 'role', '1', NULL, '1',1,NULL);
INSERT INTO "SCOTT"."JB_PERMISSION" VALUES ('8', '内部人员管理', '6', '/admin/user', NULL, '2', '2', 'user', '1', NULL, '1',1,NULL);
INSERT INTO "SCOTT"."JB_PERMISSION" VALUES ('9', '权限设置', '6', '/admin/permission', NULL, '3', '2', 'permission', '1', NULL, '1',1,NULL);
INSERT INTO "SCOTT"."JB_PERMISSION" VALUES ('10', '操作日志', '6', '/admin/systemlog', NULL, '4', '2', 'systemlog', '1', NULL, '1',1,NULL);
INSERT INTO "SCOTT"."JB_PERMISSION" VALUES ('11', '基础数据管理', '6', '/admin/dictionary', NULL, '5', '2', 'dictionary', '1', NULL, '1',1,NULL);
INSERT INTO "SCOTT"."JB_PERMISSION" VALUES ('12', '全局配置', '6', '/admin/globalconfig', NULL, '6', '2', 'globalconfig', '1', NULL, '1',1,NULL);
INSERT INTO "SCOTT"."JB_PERMISSION" VALUES ('13', 'JBolt更新管理', '0', NULL, 'fa fa-refresh', '4', '1', 'jboltupdatemgr', '1', NULL, '0',1,NULL);
INSERT INTO "SCOTT"."JB_PERMISSION" VALUES ('14', '版本管理', '13', '/admin/jboltversion', NULL, '1', '2', 'jboltversion', '1', NULL, '0',1,NULL);
INSERT INTO "SCOTT"."JB_PERMISSION" VALUES ('15', '更新下载资源管理', '13', '/admin/updatelibs', NULL, '2', '2', 'updatelibs', '1', NULL, '0',1,NULL);
INSERT INTO "SCOTT"."JB_PERMISSION" VALUES ('16', '更新日志记录', '13', '/admin/downloadlog', NULL, '3', '2', 'downloadlog', '1', NULL, '0',1,NULL);
INSERT INTO "SCOTT"."JB_PERMISSION" VALUES ('17', 'Demo教程展示', '0', NULL, 'fa fa-cube', '5', '1', 'demoshow', '1', '0', '1',1,NULL);
INSERT INTO "SCOTT"."JB_PERMISSION" VALUES ('18', 'JBolt组件列表', '17', NULL, NULL, '1', '2', 'demo', '1', '0', '1',1,NULL);
INSERT INTO "SCOTT"."JB_PERMISSION" VALUES ('19', '电商平台', '0', NULL, 'fa fa-shopping-basket', '6', '1', 'mall', '1', NULL, '0',1,NULL);
INSERT INTO "SCOTT"."JB_PERMISSION" VALUES ('20', '商品管理', '19', '/admin/mall/goods', NULL, '1', '2', 'mall_goods', '1', NULL, '0',1,NULL);
INSERT INTO "SCOTT"."JB_PERMISSION" VALUES ('21', '商品类目_后端', '19', '/admin/mall/goodsbackcategory', NULL, '2', '2', 'mall_goods_back_category', '1', NULL, '0',1,NULL);
INSERT INTO "SCOTT"."JB_PERMISSION" VALUES ('22', '商品类目_前端', '19', '/admin/mall/goodsfrontcategory', NULL, '3', '2', 'mall_goods_front_category', '1', NULL, '0',1,NULL);
INSERT INTO "SCOTT"."JB_PERMISSION" VALUES ('23', '物流配送', '19', 'shipping', NULL, '4', '2', 'shipping', '1', NULL, '0',1,NULL);
INSERT INTO "SCOTT"."JB_PERMISSION" VALUES ('24', '系统规格管理', '19', '/admin/mall/spec', NULL, '5', '2', 'mall_spec', '1', NULL, '0',1,NULL);
INSERT INTO "SCOTT"."JB_PERMISSION" VALUES ('25', '商品类型', '19', '/admin/mall/goodstype', NULL, '6', '2', 'mall_goodstype', '1', NULL, '0',1,NULL);
INSERT INTO "SCOTT"."JB_PERMISSION" VALUES ('26', '品牌库', '19', '/admin/mall/brand', NULL, '7', '2', 'mall_brand', '1', NULL, '0',1,NULL);
INSERT INTO "SCOTT"."JB_PERMISSION" VALUES ('27', '微信模块', '0', NULL, 'fa fa-wechat', '7', '1', 'wechat', '1', NULL, '1',1,NULL);
INSERT INTO "SCOTT"."JB_PERMISSION" VALUES ('28', '公众平台管理', '27', '/admin/wechat/mpinfo', NULL, '1', '2', 'wechat_mpinfo', '1', '0', '1',1,NULL);
INSERT INTO "SCOTT"."JB_PERMISSION" VALUES ('29', '一级菜单链接版', '0', 'http://www.jfinalxueyuan.com', 'fa fa-link', '8', '1', 'jfinalxueyuan', '1', '1', '0',1,NULL);
INSERT INTO "SCOTT"."JB_PERMISSION" VALUES ('30', '基础配置', '28', NULL, NULL, '1', '3', 'wechat_config_basemgr', '0', '0', '1',1,NULL);
INSERT INTO "SCOTT"."JB_PERMISSION" VALUES ('31', '菜单配置', '28', NULL, NULL, '2', '3', 'wechat_menu', '0', '0', '1',1,NULL);
INSERT INTO "SCOTT"."JB_PERMISSION" VALUES ('32', '支付配置', '28', NULL, NULL, '3', '3', 'wechat_config_paymgr', '0', '0', '1',1,NULL);
INSERT INTO "SCOTT"."JB_PERMISSION" VALUES ('33', '关注回复', '28', NULL, NULL, '4', '3', 'wechat_autoreply_subscribe', '0', '0', '1',1,NULL);
INSERT INTO "SCOTT"."JB_PERMISSION" VALUES ('34', '关键词回复', '28', NULL, NULL, '5', '3', 'wechat_autoreply_keywords', '0', '0', '1',1,NULL);
INSERT INTO "SCOTT"."JB_PERMISSION" VALUES ('35', '默认回复', '28', NULL, NULL, '6', '3', 'wechat_autoreply_default', '0', '0', '1',1,NULL);
INSERT INTO "SCOTT"."JB_PERMISSION" VALUES ('36', '素材库', '28', NULL, NULL, '7', '3', 'wechat_media', '0', '0', '1',1,NULL);
INSERT INTO "SCOTT"."JB_PERMISSION" VALUES ('37', '用户管理', '28', NULL, NULL, '8', '3', 'wechat_user', '0', '0', '1',1,NULL);
INSERT INTO "SCOTT"."JB_PERMISSION" VALUES ('38', '其它配置', '28', NULL, NULL, '9', '3', 'wechat_config_extramgr', '0', '0', '1',1,NULL);
INSERT INTO "SCOTT"."JB_PERMISSION" VALUES ('39', '二级模块', '17', NULL, NULL, '2', '2', 'level_2', '1', '0', '1',1,NULL);
INSERT INTO "SCOTT"."JB_PERMISSION" VALUES ('40', '三级菜单', '39', '/demo/level3menu', NULL, '1', '3', 'level_3', '1', '0', '1',1,NULL);
INSERT INTO "SCOTT"."JB_PERMISSION" VALUES ('41', 'Druid监控', '6', '/admin/druid/monitor', NULL, '7', '2', 'druid_monitor', '1', '1', '1',1,NULL);
INSERT INTO "SCOTT"."JB_PERMISSION" VALUES ('42', '主从表DEMO', '60', '/demo/masterslave', NULL, '3', '3', 'demo_masterslave', '1', '0', '1',1,NULL);
INSERT INTO "SCOTT"."JB_PERMISSION" VALUES ('43', 'API应用开发中心', '0', NULL, 'fa fa-cubes', '9', '1', 'app_dev_center', '1', '0', '1',1,NULL);
INSERT INTO "SCOTT"."JB_PERMISSION" VALUES ('44', 'API应用管理', '43', '/admin/app', NULL, '1', '2', 'application', '1', '0', '1',1,NULL);
INSERT INTO "SCOTT"."JB_PERMISSION" VALUES ('45', '微信客服网页版', '27', 'https://mpkf.weixin.qq.com/', NULL, '2', '2', 'wechat_mpkf', '1', '1', '1',1,NULL);
INSERT INTO "SCOTT"."JB_PERMISSION" VALUES ('46', 'AutoSelect组件', '18', '/demo/autoselect', NULL, '1', '3', 'demo_autoselect', '1', '0', '1',1,NULL);
INSERT INTO "SCOTT"."JB_PERMISSION" VALUES ('47', 'Autocomplete组件', '18', '/demo/autocomplete', NULL, '2', '3', 'demo_autocomplete', '1', '0', '1',1,NULL);
INSERT INTO "SCOTT"."JB_PERMISSION" VALUES ('48', 'PhotoBtn组件', '18', '/demo/photobtn', NULL, '3', '3', 'demo_photobtn', '1', '0', '1',1,NULL);
INSERT INTO "SCOTT"."JB_PERMISSION" VALUES ('49', 'ImageViewer组件', '18', '/demo/imgviewer', NULL, '4', '3', 'demo_imgviewer', '1', '0', '1',1,NULL);
INSERT INTO "SCOTT"."JB_PERMISSION" VALUES ('50', 'Radio组件', '18', '/demo/radio', NULL, '5', '3', 'demo_radio', '1', '0', '1',1,NULL);
INSERT INTO "SCOTT"."JB_PERMISSION" VALUES ('51', 'Checkbox组件', '18', '/demo/checkbox', NULL, '6', '3', 'demo_checkbox', '1', '0', '1',1,NULL);
INSERT INTO "SCOTT"."JB_PERMISSION" VALUES ('52', 'SwitchBtn组件', '18', '/demo/switchbtn', NULL, '7', '3', 'demo_switchbtn', '1', '0', '1',1,NULL);
INSERT INTO "SCOTT"."JB_PERMISSION" VALUES ('53', 'AjaxBtn组件', '18', '/demo/ajaxbtn', NULL, '8', '3', 'demo_ajaxbtn', '1', '0', '1',1,NULL);
INSERT INTO "SCOTT"."JB_PERMISSION" VALUES ('54', 'TabTrigger组件', '18', '/demo/tabtrigger', NULL, '9', '3', 'demo_trigger', '1', '0', '1',1,NULL);
INSERT INTO "SCOTT"."JB_PERMISSION" VALUES ('55', 'JBoltLayer组件', '18', '/demo/jboltlayer', NULL, '10', '3', 'demo_jboltlayer', '1', '0', '1',1,NULL);
INSERT INTO "SCOTT"."JB_PERMISSION" VALUES ('56', 'DialogBtn组件', '18', '/demo/dialogbtn', NULL, '11', '3', 'demo_dialogbtn', '1', '0', '1',1,NULL);
INSERT INTO "SCOTT"."JB_PERMISSION" VALUES ('57', '富文本编辑器', '18', '/demo/htmleditor', NULL, '12', '3', 'demo_htmleditor', '1', '0', '1',1,NULL);
INSERT INTO "SCOTT"."JB_PERMISSION" VALUES ('58', 'Laydate组件', '18', '/demo/laydate', NULL, '13', '3', 'demo_laydate', '1', '0', '1',1,NULL);
INSERT INTO "SCOTT"."JB_PERMISSION" VALUES ('59', 'Html5原生Date组件', '18', '/demo/html5date', NULL, '14', '3', 'demo_html5date', '1', '0', '1',1,NULL);
INSERT INTO "SCOTT"."JB_PERMISSION" VALUES ('60', 'JBolt几种布局样式', '17', NULL, NULL, '4', '2', 'demo_layout', '1', '0', '1',1,NULL);
INSERT INTO "SCOTT"."JB_PERMISSION" VALUES ('61', 'CURD_带分页', '60', '/demo/curdwithpage', NULL, '1', '3', 'demo_curd_withpage', '1', '0', '1',1,NULL);
INSERT INTO "SCOTT"."JB_PERMISSION" VALUES ('62', 'CURD_不带分页', '60', '/demo/curdwithoutpage', NULL, '2', '3', 'demo_curd_withouut_page', '1', '0', '1',1,NULL);
INSERT INTO "SCOTT"."JB_PERMISSION" VALUES ('63', 'webcam组件', '18', '/demo/webcam', NULL, '15', '3', 'web_cam', '1', '0', '1',1,NULL);
INSERT INTO "SCOTT"."JB_PERMISSION" VALUES ('64', 'ImgUploader组件', '18', '/demo/imguploader', NULL, '16', '3', 'demo_imguploader', '1', '0', '1',1,NULL);
INSERT INTO "SCOTT"."JB_PERMISSION" VALUES ('65', 'FileUploader组件', '18', '/demo/fileuploader', NULL, '17', '3', 'demo_fileuploader', '1', '0', '1',1,NULL);
INSERT INTO "SCOTT"."JB_PERMISSION" VALUES ('66', '多文件上传组件', '18', '/demo/multiplefileuploader', NULL, '18', '3', 'demo_multiple_file_upload', '1', '0', '1',1,NULL);
INSERT INTO "SCOTT"."JB_PERMISSION" VALUES ('67', '表单校验(内置)', '18', '/demo/formcheck', NULL, '19', '3', 'demo_formcheck', '1', '0', '1',1,NULL);
INSERT INTO "SCOTT"."JB_PERMISSION" VALUES ('68', '多文件同步上传', '18', '/demo/multiplefilesyncuploader', NULL, '20', '3', 'demo_multiple_file_sunc_upload', '1', '0', '1',1,NULL);
INSERT INTO "SCOTT"."JB_PERMISSION" VALUES ('69', '修改头像', '4', '/admin/user/avatar', NULL, '2', '2', 'useravatar', '1', '0', '1',1,NULL);

-- ----------------------------
-- Table structure for JB_ROLE
-- ----------------------------
--DROP TABLE "SCOTT"."JB_ROLE";
CREATE TABLE "SCOTT"."JB_ROLE" (
  "ID" NUMBER(9) NOT NULL ,
  "NAME" NVARCHAR2(20) NOT NULL ,
  "PID" NUMBER(9) NOT NULL 
)
TABLESPACE "USERS"
LOGGING
NOCOMPRESS
PCTFREE 10
INITRANS 1
STORAGE (
  INITIAL 65536 
  NEXT 1048576 
  MINEXTENTS 1
  MAXEXTENTS 2147483645
  BUFFER_POOL DEFAULT
)
PARALLEL 1
NOCACHE
DISABLE ROW MOVEMENT
;
COMMENT ON COLUMN "SCOTT"."JB_ROLE"."ID" IS '主键';
COMMENT ON COLUMN "SCOTT"."JB_ROLE"."NAME" IS '名称';
COMMENT ON COLUMN "SCOTT"."JB_ROLE"."PID" IS '父级角色ID';
COMMENT ON TABLE "SCOTT"."JB_ROLE" IS '角色表';

-- ----------------------------
-- Records of JB_ROLE
-- ----------------------------
INSERT INTO "SCOTT"."JB_ROLE" VALUES ('3', '系统管理员', '0');

-- ----------------------------
-- Table structure for JB_ROLE_PERMISSION
-- ----------------------------
--DROP TABLE "SCOTT"."JB_ROLE_PERMISSION";
CREATE TABLE "SCOTT"."JB_ROLE_PERMISSION" (
  "ID" NUMBER(9) NOT NULL ,
  "ROLE_ID" NUMBER(9) NOT NULL ,
  "PERMISSION_ID" NUMBER(9) NOT NULL 
)
TABLESPACE "USERS"
LOGGING
NOCOMPRESS
PCTFREE 10
INITRANS 1
STORAGE (
  INITIAL 65536 
  NEXT 1048576 
  MINEXTENTS 1
  MAXEXTENTS 2147483645
  BUFFER_POOL DEFAULT
)
PARALLEL 1
NOCACHE
DISABLE ROW MOVEMENT
;
COMMENT ON COLUMN "SCOTT"."JB_ROLE_PERMISSION"."ID" IS '主键';
COMMENT ON COLUMN "SCOTT"."JB_ROLE_PERMISSION"."ROLE_ID" IS '角色ID';
COMMENT ON COLUMN "SCOTT"."JB_ROLE_PERMISSION"."PERMISSION_ID" IS '权限ID';
COMMENT ON TABLE "SCOTT"."JB_ROLE_PERMISSION" IS '角色功能列表';

-- ----------------------------
-- Records of JB_ROLE_PERMISSION
-- ----------------------------
INSERT INTO "SCOTT"."JB_ROLE_PERMISSION" VALUES ('1', '3', '3');
INSERT INTO "SCOTT"."JB_ROLE_PERMISSION" VALUES ('2', '3', '4');
INSERT INTO "SCOTT"."JB_ROLE_PERMISSION" VALUES ('3', '3', '5');
INSERT INTO "SCOTT"."JB_ROLE_PERMISSION" VALUES ('4', '3', '69');
INSERT INTO "SCOTT"."JB_ROLE_PERMISSION" VALUES ('5', '3', '6');
INSERT INTO "SCOTT"."JB_ROLE_PERMISSION" VALUES ('6', '3', '7');
INSERT INTO "SCOTT"."JB_ROLE_PERMISSION" VALUES ('7', '3', '8');
INSERT INTO "SCOTT"."JB_ROLE_PERMISSION" VALUES ('8', '3', '9');
INSERT INTO "SCOTT"."JB_ROLE_PERMISSION" VALUES ('9', '3', '10');
INSERT INTO "SCOTT"."JB_ROLE_PERMISSION" VALUES ('10', '3', '11');
INSERT INTO "SCOTT"."JB_ROLE_PERMISSION" VALUES ('11', '3', '12');
INSERT INTO "SCOTT"."JB_ROLE_PERMISSION" VALUES ('12', '3', '41');
INSERT INTO "SCOTT"."JB_ROLE_PERMISSION" VALUES ('13', '3', '13');
INSERT INTO "SCOTT"."JB_ROLE_PERMISSION" VALUES ('14', '3', '14');
INSERT INTO "SCOTT"."JB_ROLE_PERMISSION" VALUES ('15', '3', '15');
INSERT INTO "SCOTT"."JB_ROLE_PERMISSION" VALUES ('16', '3', '16');
INSERT INTO "SCOTT"."JB_ROLE_PERMISSION" VALUES ('17', '3', '17');
INSERT INTO "SCOTT"."JB_ROLE_PERMISSION" VALUES ('18', '3', '18');
INSERT INTO "SCOTT"."JB_ROLE_PERMISSION" VALUES ('19', '3', '46');
INSERT INTO "SCOTT"."JB_ROLE_PERMISSION" VALUES ('20', '3', '47');
INSERT INTO "SCOTT"."JB_ROLE_PERMISSION" VALUES ('21', '3', '48');
INSERT INTO "SCOTT"."JB_ROLE_PERMISSION" VALUES ('22', '3', '49');
INSERT INTO "SCOTT"."JB_ROLE_PERMISSION" VALUES ('23', '3', '50');
INSERT INTO "SCOTT"."JB_ROLE_PERMISSION" VALUES ('24', '3', '51');
INSERT INTO "SCOTT"."JB_ROLE_PERMISSION" VALUES ('25', '3', '52');
INSERT INTO "SCOTT"."JB_ROLE_PERMISSION" VALUES ('26', '3', '53');
INSERT INTO "SCOTT"."JB_ROLE_PERMISSION" VALUES ('27', '3', '54');
INSERT INTO "SCOTT"."JB_ROLE_PERMISSION" VALUES ('28', '3', '55');
INSERT INTO "SCOTT"."JB_ROLE_PERMISSION" VALUES ('29', '3', '56');
INSERT INTO "SCOTT"."JB_ROLE_PERMISSION" VALUES ('30', '3', '57');
INSERT INTO "SCOTT"."JB_ROLE_PERMISSION" VALUES ('31', '3', '58');
INSERT INTO "SCOTT"."JB_ROLE_PERMISSION" VALUES ('32', '3', '59');
INSERT INTO "SCOTT"."JB_ROLE_PERMISSION" VALUES ('33', '3', '63');
INSERT INTO "SCOTT"."JB_ROLE_PERMISSION" VALUES ('34', '3', '64');
INSERT INTO "SCOTT"."JB_ROLE_PERMISSION" VALUES ('35', '3', '65');
INSERT INTO "SCOTT"."JB_ROLE_PERMISSION" VALUES ('36', '3', '66');
INSERT INTO "SCOTT"."JB_ROLE_PERMISSION" VALUES ('37', '3', '67');
INSERT INTO "SCOTT"."JB_ROLE_PERMISSION" VALUES ('38', '3', '68');
INSERT INTO "SCOTT"."JB_ROLE_PERMISSION" VALUES ('39', '3', '39');
INSERT INTO "SCOTT"."JB_ROLE_PERMISSION" VALUES ('40', '3', '40');
INSERT INTO "SCOTT"."JB_ROLE_PERMISSION" VALUES ('41', '3', '60');
INSERT INTO "SCOTT"."JB_ROLE_PERMISSION" VALUES ('42', '3', '61');
INSERT INTO "SCOTT"."JB_ROLE_PERMISSION" VALUES ('43', '3', '62');
INSERT INTO "SCOTT"."JB_ROLE_PERMISSION" VALUES ('44', '3', '42');
INSERT INTO "SCOTT"."JB_ROLE_PERMISSION" VALUES ('45', '3', '19');
INSERT INTO "SCOTT"."JB_ROLE_PERMISSION" VALUES ('46', '3', '20');
INSERT INTO "SCOTT"."JB_ROLE_PERMISSION" VALUES ('47', '3', '21');
INSERT INTO "SCOTT"."JB_ROLE_PERMISSION" VALUES ('48', '3', '22');
INSERT INTO "SCOTT"."JB_ROLE_PERMISSION" VALUES ('49', '3', '23');
INSERT INTO "SCOTT"."JB_ROLE_PERMISSION" VALUES ('50', '3', '24');
INSERT INTO "SCOTT"."JB_ROLE_PERMISSION" VALUES ('51', '3', '25');
INSERT INTO "SCOTT"."JB_ROLE_PERMISSION" VALUES ('52', '3', '26');
INSERT INTO "SCOTT"."JB_ROLE_PERMISSION" VALUES ('53', '3', '27');
INSERT INTO "SCOTT"."JB_ROLE_PERMISSION" VALUES ('54', '3', '28');
INSERT INTO "SCOTT"."JB_ROLE_PERMISSION" VALUES ('55', '3', '30');
INSERT INTO "SCOTT"."JB_ROLE_PERMISSION" VALUES ('56', '3', '31');
INSERT INTO "SCOTT"."JB_ROLE_PERMISSION" VALUES ('57', '3', '32');
INSERT INTO "SCOTT"."JB_ROLE_PERMISSION" VALUES ('58', '3', '33');
INSERT INTO "SCOTT"."JB_ROLE_PERMISSION" VALUES ('59', '3', '34');
INSERT INTO "SCOTT"."JB_ROLE_PERMISSION" VALUES ('60', '3', '35');
INSERT INTO "SCOTT"."JB_ROLE_PERMISSION" VALUES ('61', '3', '36');
INSERT INTO "SCOTT"."JB_ROLE_PERMISSION" VALUES ('62', '3', '37');
INSERT INTO "SCOTT"."JB_ROLE_PERMISSION" VALUES ('63', '3', '38');
INSERT INTO "SCOTT"."JB_ROLE_PERMISSION" VALUES ('64', '3', '45');
INSERT INTO "SCOTT"."JB_ROLE_PERMISSION" VALUES ('65', '3', '29');
INSERT INTO "SCOTT"."JB_ROLE_PERMISSION" VALUES ('66', '3', '43');
INSERT INTO "SCOTT"."JB_ROLE_PERMISSION" VALUES ('67', '3', '44');

-- ----------------------------
-- Table structure for JB_SHELF
-- ----------------------------
--DROP TABLE "SCOTT"."JB_SHELF";
CREATE TABLE "SCOTT"."JB_SHELF" (
  "ID" NUMBER(9) NOT NULL ,
  "NAME" NVARCHAR2(255) NOT NULL ,
  "ENABLE" CHAR(1) NOT NULL ,
  "CREATE_TIME" TIMESTAMP(6) NOT NULL ,
  "CREATE_USER_ID" NUMBER(9) NOT NULL ,
  "PUBLISH_USER_ID" NUMBER(9) ,
  "PUBLISH_TIME" TIMESTAMP(6) ,
  "SHARE_IMAGE" NVARCHAR2(255) ,
  "SHARE_TITLE" NVARCHAR2(255) ,
  "UPDATE_TIME" TIMESTAMP(6) NOT NULL ,
  "UPDATE_USER_ID" NUMBER(9) NOT NULL 
)
TABLESPACE "USERS"
LOGGING
NOCOMPRESS
PCTFREE 10
INITRANS 1
STORAGE (
  BUFFER_POOL DEFAULT
)
PARALLEL 1
NOCACHE
DISABLE ROW MOVEMENT
;
COMMENT ON COLUMN "SCOTT"."JB_SHELF"."ID" IS '主键ID';
COMMENT ON COLUMN "SCOTT"."JB_SHELF"."CREATE_TIME" IS '创建时间';
COMMENT ON COLUMN "SCOTT"."JB_SHELF"."CREATE_USER_ID" IS '创建人ID';
COMMENT ON COLUMN "SCOTT"."JB_SHELF"."PUBLISH_USER_ID" IS '上线发布人';
COMMENT ON COLUMN "SCOTT"."JB_SHELF"."PUBLISH_TIME" IS '发布时间';
COMMENT ON COLUMN "SCOTT"."JB_SHELF"."SHARE_IMAGE" IS '分享图';
COMMENT ON COLUMN "SCOTT"."JB_SHELF"."SHARE_TITLE" IS '分享标题';
COMMENT ON COLUMN "SCOTT"."JB_SHELF"."UPDATE_TIME" IS '更新时间';
COMMENT ON COLUMN "SCOTT"."JB_SHELF"."UPDATE_USER_ID" IS '更新人';
COMMENT ON TABLE "SCOTT"."JB_SHELF" IS '电商货架-小程序首页风格';

-- ----------------------------
-- Table structure for JB_SHELF_ACTIVITY
-- ----------------------------
--DROP TABLE "SCOTT"."JB_SHELF_ACTIVITY";
CREATE TABLE "SCOTT"."JB_SHELF_ACTIVITY" (
  "ID" NUMBER(9) NOT NULL ,
  "POSTER_IMAGE" NVARCHAR2(255) NOT NULL ,
  "OPEN_URL" NVARCHAR2(255) NOT NULL ,
  "OPEN_TYPE" NUMBER(9) NOT NULL ,
  "SHELF_ELEMENT_ID" NUMBER(9) NOT NULL ,
  "SHELF_ID" NUMBER(9) NOT NULL 
)
TABLESPACE "USERS"
LOGGING
NOCOMPRESS
PCTFREE 10
INITRANS 1
STORAGE (
  BUFFER_POOL DEFAULT
)
PARALLEL 1
NOCACHE
DISABLE ROW MOVEMENT
;
COMMENT ON COLUMN "SCOTT"."JB_SHELF_ACTIVITY"."ID" IS '主键ID';
COMMENT ON COLUMN "SCOTT"."JB_SHELF_ACTIVITY"."POSTER_IMAGE" IS '海报地址';
COMMENT ON COLUMN "SCOTT"."JB_SHELF_ACTIVITY"."OPEN_URL" IS '打开地址';
COMMENT ON COLUMN "SCOTT"."JB_SHELF_ACTIVITY"."OPEN_TYPE" IS '打开方式 网页还是商品内页 还是分类 还是';
COMMENT ON COLUMN "SCOTT"."JB_SHELF_ACTIVITY"."SHELF_ELEMENT_ID" IS '货架元素ID';
COMMENT ON COLUMN "SCOTT"."JB_SHELF_ACTIVITY"."SHELF_ID" IS '货架ID';
COMMENT ON TABLE "SCOTT"."JB_SHELF_ACTIVITY" IS '货架元素_活动';

-- ----------------------------
-- Table structure for JB_SHELF_CAROUSEL
-- ----------------------------
--DROP TABLE "SCOTT"."JB_SHELF_CAROUSEL";
CREATE TABLE "SCOTT"."JB_SHELF_CAROUSEL" (
  "ID" NUMBER(9) NOT NULL ,
  "IMGURL" NVARCHAR2(255) ,
  "OPENTYPE" NUMBER(9) NOT NULL ,
  "OPEN_URL" NVARCHAR2(255) NOT NULL ,
  "SHELF_ID" NUMBER(9) NOT NULL ,
  "SHELF_ELEMENT_ID" NUMBER(9) NOT NULL ,
  "SORT_RANK" NUMBER(9) NOT NULL 
)
TABLESPACE "USERS"
LOGGING
NOCOMPRESS
PCTFREE 10
INITRANS 1
STORAGE (
  BUFFER_POOL DEFAULT
)
PARALLEL 1
NOCACHE
DISABLE ROW MOVEMENT
;
COMMENT ON COLUMN "SCOTT"."JB_SHELF_CAROUSEL"."ID" IS '主键ID';
COMMENT ON COLUMN "SCOTT"."JB_SHELF_CAROUSEL"."IMGURL" IS '图片地址';
COMMENT ON COLUMN "SCOTT"."JB_SHELF_CAROUSEL"."OPENTYPE" IS '打开模式 内置资源地址，网页地址';
COMMENT ON COLUMN "SCOTT"."JB_SHELF_CAROUSEL"."OPEN_URL" IS '打开地址';
COMMENT ON COLUMN "SCOTT"."JB_SHELF_CAROUSEL"."SHELF_ID" IS '货架ID';
COMMENT ON COLUMN "SCOTT"."JB_SHELF_CAROUSEL"."SHELF_ELEMENT_ID" IS '货架元素ID';
COMMENT ON COLUMN "SCOTT"."JB_SHELF_CAROUSEL"."SORT_RANK" IS '排序';
COMMENT ON TABLE "SCOTT"."JB_SHELF_CAROUSEL" IS '货架元素_轮播图';

-- ----------------------------
-- Table structure for JB_SHELF_ELEMENT
-- ----------------------------
--DROP TABLE "SCOTT"."JB_SHELF_ELEMENT";
CREATE TABLE "SCOTT"."JB_SHELF_ELEMENT" (
  "ID" NUMBER(9) NOT NULL ,
  "TYPE" NUMBER(9) NOT NULL ,
  "WIDTH" NVARCHAR2(255) NOT NULL ,
  "HEIGHT" NVARCHAR2(255) NOT NULL ,
  "SORT_RANK" NUMBER(9) NOT NULL 
)
TABLESPACE "USERS"
LOGGING
NOCOMPRESS
PCTFREE 10
INITRANS 1
STORAGE (
  BUFFER_POOL DEFAULT
)
PARALLEL 1
NOCACHE
DISABLE ROW MOVEMENT
;
COMMENT ON COLUMN "SCOTT"."JB_SHELF_ELEMENT"."ID" IS '主键ID';
COMMENT ON COLUMN "SCOTT"."JB_SHELF_ELEMENT"."TYPE" IS '类型 轮播 楼层 分类 活动等';
COMMENT ON COLUMN "SCOTT"."JB_SHELF_ELEMENT"."WIDTH" IS '宽度';
COMMENT ON COLUMN "SCOTT"."JB_SHELF_ELEMENT"."HEIGHT" IS '高度';
COMMENT ON COLUMN "SCOTT"."JB_SHELF_ELEMENT"."SORT_RANK" IS '排序';
COMMENT ON TABLE "SCOTT"."JB_SHELF_ELEMENT" IS '货架从上到下的元素';

-- ----------------------------
-- Table structure for JB_SHELF_GOODS_FLOOR
-- ----------------------------
--DROP TABLE "SCOTT"."JB_SHELF_GOODS_FLOOR";
CREATE TABLE "SCOTT"."JB_SHELF_GOODS_FLOOR" (
  "ID" NUMBER(9) NOT NULL ,
  "GROUP_ID" NUMBER(9) NOT NULL ,
  "TITLE" NVARCHAR2(255) NOT NULL ,
  "OPEN_URL" NVARCHAR2(255) NOT NULL ,
  "GOODS_COUNT" NUMBER(9) NOT NULL ,
  "COLUMN_COUNT" NUMBER(9) NOT NULL ,
  "SORT_RANK" NUMBER(9) NOT NULL ,
  "SHELF_ID" NUMBER(9) NOT NULL ,
  "SHELF_ELEMENT_ID" NUMBER(9) NOT NULL 
)
TABLESPACE "USERS"
LOGGING
NOCOMPRESS
PCTFREE 10
INITRANS 1
STORAGE (
  BUFFER_POOL DEFAULT
)
PARALLEL 1
NOCACHE
DISABLE ROW MOVEMENT
;
COMMENT ON COLUMN "SCOTT"."JB_SHELF_GOODS_FLOOR"."ID" IS '主键ID';
COMMENT ON COLUMN "SCOTT"."JB_SHELF_GOODS_FLOOR"."GROUP_ID" IS '商品分组ID';
COMMENT ON COLUMN "SCOTT"."JB_SHELF_GOODS_FLOOR"."TITLE" IS '显示标题 默认是商品组的 可以改';
COMMENT ON COLUMN "SCOTT"."JB_SHELF_GOODS_FLOOR"."OPEN_URL" IS '打开地址';
COMMENT ON COLUMN "SCOTT"."JB_SHELF_GOODS_FLOOR"."GOODS_COUNT" IS '显示商品数量';
COMMENT ON COLUMN "SCOTT"."JB_SHELF_GOODS_FLOOR"."COLUMN_COUNT" IS '显示几列布局';
COMMENT ON COLUMN "SCOTT"."JB_SHELF_GOODS_FLOOR"."SORT_RANK" IS '排序';
COMMENT ON COLUMN "SCOTT"."JB_SHELF_GOODS_FLOOR"."SHELF_ID" IS '货架ID';
COMMENT ON COLUMN "SCOTT"."JB_SHELF_GOODS_FLOOR"."SHELF_ELEMENT_ID" IS '货架元素ID';
COMMENT ON TABLE "SCOTT"."JB_SHELF_GOODS_FLOOR" IS '货架元素_商品楼层';

-- ----------------------------
-- Table structure for JB_SHELF_GOODS_GROUP
-- ----------------------------
--DROP TABLE "SCOTT"."JB_SHELF_GOODS_GROUP";
CREATE TABLE "SCOTT"."JB_SHELF_GOODS_GROUP" (
  "ID" NUMBER(9) NOT NULL ,
  "NAME" NVARCHAR2(255) NOT NULL ,
  "ICON" NVARCHAR2(255) ,
  "IMGURL" NVARCHAR2(255) ,
  "SUB_TITLE" NVARCHAR2(255) ,
  "SORT_RANK" NUMBER(9) NOT NULL ,
  "SHELF_ID" NUMBER(9) NOT NULL ,
  "SHELF_ELEMENT_ID" NUMBER(9) NOT NULL 
)
TABLESPACE "USERS"
LOGGING
NOCOMPRESS
PCTFREE 10
INITRANS 1
STORAGE (
  BUFFER_POOL DEFAULT
)
PARALLEL 1
NOCACHE
DISABLE ROW MOVEMENT
;
COMMENT ON COLUMN "SCOTT"."JB_SHELF_GOODS_GROUP"."ID" IS '主键ID';
COMMENT ON COLUMN "SCOTT"."JB_SHELF_GOODS_GROUP"."ICON" IS '图标';
COMMENT ON COLUMN "SCOTT"."JB_SHELF_GOODS_GROUP"."IMGURL" IS '分类下的顶部修饰图';
COMMENT ON COLUMN "SCOTT"."JB_SHELF_GOODS_GROUP"."SUB_TITLE" IS '二级标题';
COMMENT ON COLUMN "SCOTT"."JB_SHELF_GOODS_GROUP"."SORT_RANK" IS '排序';
COMMENT ON COLUMN "SCOTT"."JB_SHELF_GOODS_GROUP"."SHELF_ID" IS '货架ID';
COMMENT ON COLUMN "SCOTT"."JB_SHELF_GOODS_GROUP"."SHELF_ELEMENT_ID" IS '货架元素ID';
COMMENT ON TABLE "SCOTT"."JB_SHELF_GOODS_GROUP" IS '货架元素_商品组';

-- ----------------------------
-- Table structure for JB_SKU
-- ----------------------------
--DROP TABLE "SCOTT"."JB_SKU";
CREATE TABLE "SCOTT"."JB_SKU" (
  "ID" NUMBER(9) NOT NULL ,
  "SKU_KEY" NVARCHAR2(255) NOT NULL ,
  "SKU_NAME" NVARCHAR2(255) NOT NULL ,
  "GOODS_ID" NUMBER(9) NOT NULL ,
  "GOODS_NAME" NVARCHAR2(255) NOT NULL ,
  "TYPE_ID" NUMBER(9) NOT NULL ,
  "PRICE" NUMBER(10,2) NOT NULL ,
  "ORIGINAL_PRICE" NUMBER(10,2) ,
  "STOCK_COUNT" NVARCHAR2(255) ,
  "SUB_TITLE" NVARCHAR2(255) ,
  "ON_SALE" CHAR(1) NOT NULL ,
  "SELLOUT" CHAR(1) NOT NULL ,
  "REAL_SALE_COUNT" NUMBER(9) NOT NULL ,
  "SHOW_SALE_COUNT" NUMBER(9) NOT NULL ,
  "MAIN_IMAGE" NVARCHAR2(255) NOT NULL ,
  "IS_HOT" CHAR(1) NOT NULL ,
  "IS_RECOMMEND" CHAR(1) NOT NULL ,
  "NEED_CONTENT" CHAR(1) NOT NULL ,
  "CONTENT_TYPE" NUMBER(9) ,
  "UNDER_TIME" TIMESTAMP(6) ,
  "ONSALE_TIME" TIMESTAMP(6) ,
  "CREATE_USER_ID" NUMBER(9) NOT NULL ,
  "CREATE_TIME" TIMESTAMP(6) NOT NULL ,
  "UPDATE_TIME" TIMESTAMP(6) NOT NULL ,
  "UPDATE_USER_ID" NUMBER(9) NOT NULL ,
  "EXTRA_IMAGES" NVARCHAR2(1000) 
)
TABLESPACE "USERS"
LOGGING
NOCOMPRESS
PCTFREE 10
INITRANS 1
STORAGE (
  BUFFER_POOL DEFAULT
)
PARALLEL 1
NOCACHE
DISABLE ROW MOVEMENT
;
COMMENT ON COLUMN "SCOTT"."JB_SKU"."ID" IS '主键ID';
COMMENT ON COLUMN "SCOTT"."JB_SKU"."SKU_KEY" IS '规格编码';
COMMENT ON COLUMN "SCOTT"."JB_SKU"."SKU_NAME" IS '规格名称';
COMMENT ON COLUMN "SCOTT"."JB_SKU"."GOODS_ID" IS '商品ID';
COMMENT ON COLUMN "SCOTT"."JB_SKU"."GOODS_NAME" IS '商品名称';
COMMENT ON COLUMN "SCOTT"."JB_SKU"."TYPE_ID" IS '类型ID';
COMMENT ON COLUMN "SCOTT"."JB_SKU"."PRICE" IS '单价';
COMMENT ON COLUMN "SCOTT"."JB_SKU"."ORIGINAL_PRICE" IS '原价';
COMMENT ON COLUMN "SCOTT"."JB_SKU"."STOCK_COUNT" IS '库存量';
COMMENT ON COLUMN "SCOTT"."JB_SKU"."SUB_TITLE" IS '营销语';
COMMENT ON COLUMN "SCOTT"."JB_SKU"."ON_SALE" IS '是否上架';
COMMENT ON COLUMN "SCOTT"."JB_SKU"."SELLOUT" IS '售罄';
COMMENT ON COLUMN "SCOTT"."JB_SKU"."REAL_SALE_COUNT" IS '真实销量';
COMMENT ON COLUMN "SCOTT"."JB_SKU"."SHOW_SALE_COUNT" IS '展示营销销量';
COMMENT ON COLUMN "SCOTT"."JB_SKU"."MAIN_IMAGE" IS '主图';
COMMENT ON COLUMN "SCOTT"."JB_SKU"."IS_HOT" IS '热销';
COMMENT ON COLUMN "SCOTT"."JB_SKU"."IS_RECOMMEND" IS '推荐';
COMMENT ON COLUMN "SCOTT"."JB_SKU"."NEED_CONTENT" IS '是否需要详情描述';
COMMENT ON COLUMN "SCOTT"."JB_SKU"."CONTENT_TYPE" IS '描述类型 是富文本还是分开的图片 文本段数据';
COMMENT ON COLUMN "SCOTT"."JB_SKU"."UNDER_TIME" IS '下架时间';
COMMENT ON COLUMN "SCOTT"."JB_SKU"."ONSALE_TIME" IS '上架时间';
COMMENT ON COLUMN "SCOTT"."JB_SKU"."CREATE_USER_ID" IS '创建人';
COMMENT ON COLUMN "SCOTT"."JB_SKU"."CREATE_TIME" IS '创建时间';
COMMENT ON COLUMN "SCOTT"."JB_SKU"."UPDATE_TIME" IS '最后更新时间';
COMMENT ON COLUMN "SCOTT"."JB_SKU"."UPDATE_USER_ID" IS '最后更新人';
COMMENT ON COLUMN "SCOTT"."JB_SKU"."EXTRA_IMAGES" IS '附图';
COMMENT ON TABLE "SCOTT"."JB_SKU" IS 'SKU';

-- ----------------------------
-- Table structure for JB_SKU_ITEM
-- ----------------------------
--DROP TABLE "SCOTT"."JB_SKU_ITEM";
CREATE TABLE "SCOTT"."JB_SKU_ITEM" (
  "ID" NUMBER(9) NOT NULL ,
  "SKU_ID" NUMBER(9) NOT NULL ,
  "GOODS_ID" NUMBER(9) NOT NULL ,
  "TYPE_ID" NUMBER(9) NOT NULL ,
  "SPEC_ID" NUMBER(9) NOT NULL ,
  "SPEC_ITEM_ID" NUMBER(9) NOT NULL 
)
TABLESPACE "USERS"
LOGGING
NOCOMPRESS
PCTFREE 10
INITRANS 1
STORAGE (
  BUFFER_POOL DEFAULT
)
PARALLEL 1
NOCACHE
DISABLE ROW MOVEMENT
;
COMMENT ON COLUMN "SCOTT"."JB_SKU_ITEM"."ID" IS '主键ID';
COMMENT ON COLUMN "SCOTT"."JB_SKU_ITEM"."SKU_ID" IS 'SKU ID';
COMMENT ON COLUMN "SCOTT"."JB_SKU_ITEM"."GOODS_ID" IS '商品 ID';
COMMENT ON COLUMN "SCOTT"."JB_SKU_ITEM"."TYPE_ID" IS '商品分类';
COMMENT ON COLUMN "SCOTT"."JB_SKU_ITEM"."SPEC_ID" IS '规格 ID';
COMMENT ON COLUMN "SCOTT"."JB_SKU_ITEM"."SPEC_ITEM_ID" IS '规格项 ID';
COMMENT ON TABLE "SCOTT"."JB_SKU_ITEM" IS 'sku详情';

-- ----------------------------
-- Table structure for JB_SPEC
-- ----------------------------
--DROP TABLE "SCOTT"."JB_SPEC";
CREATE TABLE "SCOTT"."JB_SPEC" (
  "ID" NUMBER(9) NOT NULL ,
  "NAME" NVARCHAR2(40) NOT NULL 
)
TABLESPACE "USERS"
LOGGING
NOCOMPRESS
PCTFREE 10
INITRANS 1
STORAGE (
  BUFFER_POOL DEFAULT
)
PARALLEL 1
NOCACHE
DISABLE ROW MOVEMENT
;
COMMENT ON TABLE "SCOTT"."JB_SPEC" IS '系统规格表';

-- ----------------------------
-- Table structure for JB_SPEC_ITEM
-- ----------------------------
--DROP TABLE "SCOTT"."JB_SPEC_ITEM";
CREATE TABLE "SCOTT"."JB_SPEC_ITEM" (
  "ID" NUMBER(9) NOT NULL ,
  "NAME" NVARCHAR2(40) NOT NULL ,
  "SPEC_ID" NUMBER(9) NOT NULL 
)
TABLESPACE "USERS"
LOGGING
NOCOMPRESS
PCTFREE 10
INITRANS 1
STORAGE (
  BUFFER_POOL DEFAULT
)
PARALLEL 1
NOCACHE
DISABLE ROW MOVEMENT
;
COMMENT ON COLUMN "SCOTT"."JB_SPEC_ITEM"."ID" IS '主键ID';
COMMENT ON COLUMN "SCOTT"."JB_SPEC_ITEM"."NAME" IS '选项名';
COMMENT ON COLUMN "SCOTT"."JB_SPEC_ITEM"."SPEC_ID" IS '所属规格';
COMMENT ON TABLE "SCOTT"."JB_SPEC_ITEM" IS '规格选项表';

-- ----------------------------
-- Table structure for JB_SYSTEM_LOG
-- ----------------------------
--DROP TABLE "SCOTT"."JB_SYSTEM_LOG";
CREATE TABLE "SCOTT"."JB_SYSTEM_LOG" (
  "ID" NUMBER(9) NOT NULL ,
  "TITLE" NVARCHAR2(255) ,
  "TYPE" NUMBER(9) ,
  "URL" NVARCHAR2(255) ,
  "USER_ID" NUMBER(9) ,
  "USER_NAME" NVARCHAR2(255) ,
  "TARGET_TYPE" NUMBER(9) ,
  "CREATE_TIME" TIMESTAMP(6) ,
  "TARGET_ID" NUMBER(9) ,
  "OPEN_TYPE" NUMBER(9) 
)
TABLESPACE "USERS"
LOGGING
NOCOMPRESS
PCTFREE 10
INITRANS 1
STORAGE (
  INITIAL 65536 
  NEXT 1048576 
  MINEXTENTS 1
  MAXEXTENTS 2147483645
  BUFFER_POOL DEFAULT
)
PARALLEL 1
NOCACHE
DISABLE ROW MOVEMENT
;
COMMENT ON COLUMN "SCOTT"."JB_SYSTEM_LOG"."ID" IS '主键';
COMMENT ON COLUMN "SCOTT"."JB_SYSTEM_LOG"."TITLE" IS '标题';
COMMENT ON COLUMN "SCOTT"."JB_SYSTEM_LOG"."TYPE" IS '操作类型 删除 更新 新增';
COMMENT ON COLUMN "SCOTT"."JB_SYSTEM_LOG"."URL" IS '连接对象详情地址';
COMMENT ON COLUMN "SCOTT"."JB_SYSTEM_LOG"."USER_ID" IS '操作人ID';
COMMENT ON COLUMN "SCOTT"."JB_SYSTEM_LOG"."USER_NAME" IS '操作人姓名';
COMMENT ON COLUMN "SCOTT"."JB_SYSTEM_LOG"."TARGET_TYPE" IS '操作对象类型';
COMMENT ON COLUMN "SCOTT"."JB_SYSTEM_LOG"."CREATE_TIME" IS '记录创建时间';
COMMENT ON COLUMN "SCOTT"."JB_SYSTEM_LOG"."TARGET_ID" IS '操作对象ID';
COMMENT ON COLUMN "SCOTT"."JB_SYSTEM_LOG"."OPEN_TYPE" IS '打开类型URL还是Dialog';
COMMENT ON TABLE "SCOTT"."JB_SYSTEM_LOG" IS '系统操作日志表';

-- ----------------------------
-- Table structure for JB_UPDATE_LIBS
-- ----------------------------
--DROP TABLE "SCOTT"."JB_UPDATE_LIBS";
CREATE TABLE "SCOTT"."JB_UPDATE_LIBS" (
  "ID" NUMBER(9) NOT NULL ,
  "URL" NVARCHAR2(255) NOT NULL ,
  "TARGET" NVARCHAR2(255) NOT NULL ,
  "DELETE_ALL" CHAR(1) NOT NULL ,
  "IS_MUST" CHAR(1) NOT NULL 
)
TABLESPACE "USERS"
LOGGING
NOCOMPRESS
PCTFREE 10
INITRANS 1
STORAGE (
  INITIAL 65536 
  NEXT 1048576 
  MINEXTENTS 1
  MAXEXTENTS 2147483645
  BUFFER_POOL DEFAULT
)
PARALLEL 1
NOCACHE
DISABLE ROW MOVEMENT
;
COMMENT ON COLUMN "SCOTT"."JB_UPDATE_LIBS"."DELETE_ALL" IS '清空文件夹';
COMMENT ON COLUMN "SCOTT"."JB_UPDATE_LIBS"."IS_MUST" IS '强制';
COMMENT ON TABLE "SCOTT"."JB_UPDATE_LIBS" IS '下载的libs';

-- ----------------------------
-- Table structure for JB_USER
-- ----------------------------
--DROP TABLE "SCOTT"."JB_USER";
CREATE TABLE "SCOTT"."JB_USER" (
  "ID" NUMBER(9) NOT NULL ,
  "NAME" NVARCHAR2(20) NOT NULL ,
  "PASSWORD" NVARCHAR2(128) NOT NULL ,
  "USERNAME" NVARCHAR2(20) NOT NULL ,
  "AVATAR" NVARCHAR2(255) ,
  "CREATE_TIME" TIMESTAMP(6) ,
  "PHONE" NVARCHAR2(40) ,
  "SEX" NUMBER(4) ,
  "PINYIN" NVARCHAR2(255) ,
  "ROLES" NVARCHAR2(255) ,
  "CREATE_USER_ID" NUMBER(9) ,
  "IS_SYSTEM_ADMIN" CHAR(1) NOT NULL ,
  "ENABLE" CHAR(1) NOT NULL 
)
TABLESPACE "USERS"
LOGGING
NOCOMPRESS
PCTFREE 10
INITRANS 1
STORAGE (
  INITIAL 65536 
  NEXT 1048576 
  MINEXTENTS 1
  MAXEXTENTS 2147483645
  BUFFER_POOL DEFAULT
)
PARALLEL 1
NOCACHE
DISABLE ROW MOVEMENT
;
COMMENT ON COLUMN "SCOTT"."JB_USER"."ID" IS '主键ID';
COMMENT ON COLUMN "SCOTT"."JB_USER"."NAME" IS '姓名';
COMMENT ON COLUMN "SCOTT"."JB_USER"."PASSWORD" IS '密码';
COMMENT ON COLUMN "SCOTT"."JB_USER"."USERNAME" IS '用户名';
COMMENT ON COLUMN "SCOTT"."JB_USER"."AVATAR" IS '头像地址';
COMMENT ON COLUMN "SCOTT"."JB_USER"."CREATE_TIME" IS '创建时间';
COMMENT ON COLUMN "SCOTT"."JB_USER"."PHONE" IS '手机';
COMMENT ON COLUMN "SCOTT"."JB_USER"."SEX" IS '性别';
COMMENT ON COLUMN "SCOTT"."JB_USER"."ROLES" IS '角色集';
COMMENT ON COLUMN "SCOTT"."JB_USER"."CREATE_USER_ID" IS '创建人ID';
COMMENT ON COLUMN "SCOTT"."JB_USER"."IS_SYSTEM_ADMIN" IS '是否系统超管';
COMMENT ON COLUMN "SCOTT"."JB_USER"."ENABLE" IS '启用';
COMMENT ON TABLE "SCOTT"."JB_USER" IS '系统后台用户';

-- ----------------------------
-- Records of JB_USER
-- ----------------------------
INSERT INTO "SCOTT"."JB_USER" VALUES ('1', '总管理', '202cb962ac59075b964b07152d234b70', 'admin', 'upload/user/avatar/20191206/5df5da44-e04c-40a6-abb9-52b7da151d96.jpg', TO_TIMESTAMP('2018-06-06 10:30:02.000000', 'SYYYY-MM-DD HH24:MI:SS:FF6'), '187667356321', '1', 'zgl,zongguanli', '3', '1', '1', '1');

-- ----------------------------
-- Table structure for JB_USER_CONFIG
-- ----------------------------
--DROP TABLE "SCOTT"."JB_USER_CONFIG";
CREATE TABLE "SCOTT"."JB_USER_CONFIG" (
  "ID" NUMBER(9) NOT NULL ,
  "NAME" NVARCHAR2(255) NOT NULL ,
  "CONFIG_KEY" NVARCHAR2(255) NOT NULL ,
  "CONFIG_VALUE" NVARCHAR2(255) NOT NULL ,
  "USER_ID" NUMBER(9) NOT NULL ,
  "CREATE_TIME" TIMESTAMP(6) NOT NULL ,
  "UPDATE_TIME" TIMESTAMP(6) NOT NULL ,
  "VALUE_TYPE" NVARCHAR2(40) NOT NULL 
)
TABLESPACE "USERS"
LOGGING
NOCOMPRESS
PCTFREE 10
INITRANS 1
STORAGE (
  INITIAL 65536 
  NEXT 1048576 
  MINEXTENTS 1
  MAXEXTENTS 2147483645
  BUFFER_POOL DEFAULT
)
PARALLEL 1
NOCACHE
DISABLE ROW MOVEMENT
;
COMMENT ON COLUMN "SCOTT"."JB_USER_CONFIG"."ID" IS '主键ID';
COMMENT ON COLUMN "SCOTT"."JB_USER_CONFIG"."NAME" IS '配置名';
COMMENT ON COLUMN "SCOTT"."JB_USER_CONFIG"."CONFIG_KEY" IS '配置KEY';
COMMENT ON COLUMN "SCOTT"."JB_USER_CONFIG"."CONFIG_VALUE" IS '配置值';
COMMENT ON COLUMN "SCOTT"."JB_USER_CONFIG"."USER_ID" IS '用户ID';
COMMENT ON COLUMN "SCOTT"."JB_USER_CONFIG"."CREATE_TIME" IS '创建时间';
COMMENT ON COLUMN "SCOTT"."JB_USER_CONFIG"."UPDATE_TIME" IS '更新时间';
COMMENT ON COLUMN "SCOTT"."JB_USER_CONFIG"."VALUE_TYPE" IS '取值类型';
COMMENT ON TABLE "SCOTT"."JB_USER_CONFIG" IS '用户系统样式自定义设置表';

-- ----------------------------
-- Records of JB_USER_CONFIG
-- ----------------------------
INSERT INTO "SCOTT"."JB_USER_CONFIG" VALUES ('3', '系统登录页面是否启用透明玻璃风格', 'JBOLT_LOGIN_FORM_STYLE_GLASS', 'true', '1', TO_TIMESTAMP('2019-12-16 01:02:10.401000', 'SYYYY-MM-DD HH24:MI:SS:FF6'), TO_TIMESTAMP('2019-12-16 02:16:16.258000', 'SYYYY-MM-DD HH24:MI:SS:FF6'), 'boolean');
INSERT INTO "SCOTT"."JB_USER_CONFIG" VALUES ('4', '系统登录页面背景图是否启用模糊风格', 'JBOLT_LOGIN_BGIMG_BLUR', 'true', '1', TO_TIMESTAMP('2019-12-16 01:02:10.409000', 'SYYYY-MM-DD HH24:MI:SS:FF6'), TO_TIMESTAMP('2019-12-16 02:16:16.714000', 'SYYYY-MM-DD HH24:MI:SS:FF6'), 'boolean');
INSERT INTO "SCOTT"."JB_USER_CONFIG" VALUES ('1', '系统Admin后台样式', 'JBOLT_ADMIN_STYLE', 'jbolt_style_2', '1', TO_TIMESTAMP('2019-12-16 01:02:10.386000', 'SYYYY-MM-DD HH24:MI:SS:FF6'), TO_TIMESTAMP('2019-12-16 02:16:10.032000', 'SYYYY-MM-DD HH24:MI:SS:FF6'), 'string');
INSERT INTO "SCOTT"."JB_USER_CONFIG" VALUES ('2', '系统Admin后台是否启用多选项卡', 'JBOLT_ADMIN_WITH_TABS', 'true', '1', TO_TIMESTAMP('2019-12-16 01:02:10.395000', 'SYYYY-MM-DD HH24:MI:SS:FF6'), TO_TIMESTAMP('2019-12-16 02:16:11.906000', 'SYYYY-MM-DD HH24:MI:SS:FF6'), 'boolean');

-- ----------------------------
-- Table structure for JB_WECHAT_ARTICLE
-- ----------------------------
--DROP TABLE "SCOTT"."JB_WECHAT_ARTICLE";
CREATE TABLE "SCOTT"."JB_WECHAT_ARTICLE" (
  "ID" NUMBER(9) NOT NULL ,
  "TITLE" NVARCHAR2(255) ,
  "CONTENT" NVARCHAR2(255) NOT NULL ,
  "CREATE_TIME" TIMESTAMP(6) NOT NULL ,
  "USER_ID" NUMBER(9) NOT NULL ,
  "UPDATE_TIME" TIMESTAMP(6) NOT NULL ,
  "UPDATE_USER_ID" NUMBER(9) NOT NULL ,
  "BRIEF_INFO" NVARCHAR2(120) NOT NULL ,
  "POSTER" NVARCHAR2(255) ,
  "VIEW_COUNT" NUMBER(9) NOT NULL ,
  "MEDIA_ID" NVARCHAR2(255) NOT NULL ,
  "MP_ID" NUMBER(9) NOT NULL ,
  "URL" NVARCHAR2(255) NOT NULL ,
  "TYPE" NUMBER(9) NOT NULL 
)
TABLESPACE "USERS"
LOGGING
NOCOMPRESS
PCTFREE 10
INITRANS 1
STORAGE (
  BUFFER_POOL DEFAULT
)
PARALLEL 1
NOCACHE
DISABLE ROW MOVEMENT
;
COMMENT ON COLUMN "SCOTT"."JB_WECHAT_ARTICLE"."ID" IS '主键ID';
COMMENT ON COLUMN "SCOTT"."JB_WECHAT_ARTICLE"."CREATE_TIME" IS '创建时间';
COMMENT ON COLUMN "SCOTT"."JB_WECHAT_ARTICLE"."USER_ID" IS '用户 ID';
COMMENT ON COLUMN "SCOTT"."JB_WECHAT_ARTICLE"."UPDATE_TIME" IS '更新时间';
COMMENT ON COLUMN "SCOTT"."JB_WECHAT_ARTICLE"."UPDATE_USER_ID" IS '更新用户 ID';
COMMENT ON COLUMN "SCOTT"."JB_WECHAT_ARTICLE"."BRIEF_INFO" IS '文章摘要';
COMMENT ON COLUMN "SCOTT"."JB_WECHAT_ARTICLE"."VIEW_COUNT" IS '阅读数';
COMMENT ON COLUMN "SCOTT"."JB_WECHAT_ARTICLE"."MEDIA_ID" IS '微信素材 ID';
COMMENT ON COLUMN "SCOTT"."JB_WECHAT_ARTICLE"."MP_ID" IS '微信 ID';
COMMENT ON COLUMN "SCOTT"."JB_WECHAT_ARTICLE"."URL" IS '图文链接地址';
COMMENT ON COLUMN "SCOTT"."JB_WECHAT_ARTICLE"."TYPE" IS '本地图文 公众号图文素材 外部图文';
COMMENT ON TABLE "SCOTT"."JB_WECHAT_ARTICLE" IS '微信图文信息';

-- ----------------------------
-- Table structure for JB_WECHAT_AUTOREPLY
-- ----------------------------
--DROP TABLE "SCOTT"."JB_WECHAT_AUTOREPLY";
CREATE TABLE "SCOTT"."JB_WECHAT_AUTOREPLY" (
  "ID" NUMBER(9) NOT NULL ,
  "MP_ID" NUMBER(9) NOT NULL ,
  "TYPE" NUMBER(9) NOT NULL ,
  "NAME" NVARCHAR2(40) NOT NULL ,
  "REPLY_TYPE" NUMBER(9) NOT NULL ,
  "CREATE_TIME" TIMESTAMP(6) NOT NULL ,
  "USER_ID" NUMBER(9) NOT NULL ,
  "ENABLE" CHAR(1) NOT NULL 
)
TABLESPACE "USERS"
LOGGING
NOCOMPRESS
PCTFREE 10
INITRANS 1
STORAGE (
  INITIAL 65536 
  NEXT 1048576 
  MINEXTENTS 1
  MAXEXTENTS 2147483645
  BUFFER_POOL DEFAULT
)
PARALLEL 1
NOCACHE
DISABLE ROW MOVEMENT
;
COMMENT ON COLUMN "SCOTT"."JB_WECHAT_AUTOREPLY"."MP_ID" IS '微信 ID';
COMMENT ON COLUMN "SCOTT"."JB_WECHAT_AUTOREPLY"."TYPE" IS '类型 关注回复 无内容时回复 关键词回复';
COMMENT ON COLUMN "SCOTT"."JB_WECHAT_AUTOREPLY"."NAME" IS '规则名称';
COMMENT ON COLUMN "SCOTT"."JB_WECHAT_AUTOREPLY"."REPLY_TYPE" IS '回复类型 全部还是随机一条';
COMMENT ON COLUMN "SCOTT"."JB_WECHAT_AUTOREPLY"."CREATE_TIME" IS '记录创建时间';
COMMENT ON COLUMN "SCOTT"."JB_WECHAT_AUTOREPLY"."USER_ID" IS '用户 ID';
COMMENT ON TABLE "SCOTT"."JB_WECHAT_AUTOREPLY" IS '微信公众号自动回复规则';

-- ----------------------------
-- Table structure for JB_WECHAT_CONFIG
-- ----------------------------
--DROP TABLE "SCOTT"."JB_WECHAT_CONFIG";
CREATE TABLE "SCOTT"."JB_WECHAT_CONFIG" (
  "ID" NUMBER(9) NOT NULL ,
  "MP_ID" NUMBER(9) NOT NULL ,
  "CONFIG_KEY" NVARCHAR2(255) NOT NULL ,
  "CONFIG_VALUE" NVARCHAR2(255) ,
  "NAME" NVARCHAR2(255) NOT NULL ,
  "TYPE" NUMBER(9) NOT NULL 
)
TABLESPACE "USERS"
LOGGING
NOCOMPRESS
PCTFREE 10
INITRANS 1
STORAGE (
  INITIAL 65536 
  NEXT 1048576 
  MINEXTENTS 1
  MAXEXTENTS 2147483645
  BUFFER_POOL DEFAULT
)
PARALLEL 1
NOCACHE
DISABLE ROW MOVEMENT
;
COMMENT ON COLUMN "SCOTT"."JB_WECHAT_CONFIG"."MP_ID" IS '微信 ID';
COMMENT ON COLUMN "SCOTT"."JB_WECHAT_CONFIG"."CONFIG_KEY" IS '配置key';
COMMENT ON COLUMN "SCOTT"."JB_WECHAT_CONFIG"."CONFIG_VALUE" IS '配置值';
COMMENT ON COLUMN "SCOTT"."JB_WECHAT_CONFIG"."NAME" IS '配置项名称';
COMMENT ON COLUMN "SCOTT"."JB_WECHAT_CONFIG"."TYPE" IS '配置类型';
COMMENT ON TABLE "SCOTT"."JB_WECHAT_CONFIG" IS '微信公众号配置表';

-- ----------------------------
-- Table structure for JB_WECHAT_KEYWORDS
-- ----------------------------
--DROP TABLE "SCOTT"."JB_WECHAT_KEYWORDS";
CREATE TABLE "SCOTT"."JB_WECHAT_KEYWORDS" (
  "ID" NUMBER(9) NOT NULL ,
  "MP_ID" NUMBER(9) NOT NULL ,
  "NAME" NVARCHAR2(40) NOT NULL ,
  "TYPE" NUMBER(9) NOT NULL ,
  "AUTO_REPLY_ID" NUMBER(9) NOT NULL 
)
TABLESPACE "USERS"
LOGGING
NOCOMPRESS
PCTFREE 10
INITRANS 1
STORAGE (
  INITIAL 65536 
  NEXT 1048576 
  MINEXTENTS 1
  MAXEXTENTS 2147483645
  BUFFER_POOL DEFAULT
)
PARALLEL 1
NOCACHE
DISABLE ROW MOVEMENT
;
COMMENT ON COLUMN "SCOTT"."JB_WECHAT_KEYWORDS"."MP_ID" IS '微信 ID';
COMMENT ON COLUMN "SCOTT"."JB_WECHAT_KEYWORDS"."NAME" IS '关键词';
COMMENT ON COLUMN "SCOTT"."JB_WECHAT_KEYWORDS"."TYPE" IS '模糊 全匹配';
COMMENT ON COLUMN "SCOTT"."JB_WECHAT_KEYWORDS"."AUTO_REPLY_ID" IS '回复规则ID';
COMMENT ON TABLE "SCOTT"."JB_WECHAT_KEYWORDS" IS '微信关键词回复中的关键词定义';

-- ----------------------------
-- Table structure for JB_WECHAT_MEDIA
-- ----------------------------
--DROP TABLE "SCOTT"."JB_WECHAT_MEDIA";
CREATE TABLE "SCOTT"."JB_WECHAT_MEDIA" (
  "ID" NUMBER(9) NOT NULL ,
  "TITLE" NVARCHAR2(255) NOT NULL ,
  "DIGEST" NVARCHAR2(255) ,
  "TYPE" NVARCHAR2(255) NOT NULL ,
  "MP_ID" NUMBER(9) NOT NULL ,
  "MEDIA_ID" NVARCHAR2(255) NOT NULL ,
  "THUMB_MEDIA_ID" NVARCHAR2(255) ,
  "CONTENT_SOURCE_URL" NVARCHAR2(255) ,
  "URL" NVARCHAR2(255) ,
  "AUTHOR" NVARCHAR2(255) ,
  "UPDATE_TIME" TIMESTAMP(6) NOT NULL ,
  "SERVER_URL" NVARCHAR2(255) 
)
TABLESPACE "USERS"
LOGGING
NOCOMPRESS
PCTFREE 10
INITRANS 1
STORAGE (
  INITIAL 65536 
  NEXT 1048576 
  MINEXTENTS 1
  MAXEXTENTS 2147483645
  BUFFER_POOL DEFAULT
)
PARALLEL 1
NOCACHE
DISABLE ROW MOVEMENT
;
COMMENT ON COLUMN "SCOTT"."JB_WECHAT_MEDIA"."ID" IS '主键ID';
COMMENT ON COLUMN "SCOTT"."JB_WECHAT_MEDIA"."TITLE" IS '标题';
COMMENT ON COLUMN "SCOTT"."JB_WECHAT_MEDIA"."DIGEST" IS '描述';
COMMENT ON COLUMN "SCOTT"."JB_WECHAT_MEDIA"."TYPE" IS '类型 image video voice news';
COMMENT ON COLUMN "SCOTT"."JB_WECHAT_MEDIA"."MP_ID" IS '微信 ID';
COMMENT ON COLUMN "SCOTT"."JB_WECHAT_MEDIA"."MEDIA_ID" IS '微信素材ID';
COMMENT ON COLUMN "SCOTT"."JB_WECHAT_MEDIA"."THUMB_MEDIA_ID" IS '封面图ID';
COMMENT ON COLUMN "SCOTT"."JB_WECHAT_MEDIA"."CONTENT_SOURCE_URL" IS '原文地址';
COMMENT ON COLUMN "SCOTT"."JB_WECHAT_MEDIA"."URL" IS '访问地址';
COMMENT ON COLUMN "SCOTT"."JB_WECHAT_MEDIA"."AUTHOR" IS '图文作者';
COMMENT ON COLUMN "SCOTT"."JB_WECHAT_MEDIA"."UPDATE_TIME" IS '更新时间';
COMMENT ON COLUMN "SCOTT"."JB_WECHAT_MEDIA"."SERVER_URL" IS '存服务器URL';
COMMENT ON TABLE "SCOTT"."JB_WECHAT_MEDIA" IS '微信公众平台素材库同步管理';

-- ----------------------------
-- Table structure for JB_WECHAT_MENU
-- ----------------------------
--DROP TABLE "SCOTT"."JB_WECHAT_MENU";
CREATE TABLE "SCOTT"."JB_WECHAT_MENU" (
  "ID" NUMBER(9) NOT NULL ,
  "MP_ID" NUMBER(9) NOT NULL ,
  "TYPE" NVARCHAR2(40) NOT NULL ,
  "NAME" NVARCHAR2(40) NOT NULL ,
  "PID" NUMBER(9) NOT NULL ,
  "SORT_RANK" NUMBER(9) NOT NULL ,
  "VALUE" NVARCHAR2(255) ,
  "APP_ID" NVARCHAR2(255) ,
  "PAGE_PATH" NVARCHAR2(255) 
)
TABLESPACE "USERS"
LOGGING
NOCOMPRESS
PCTFREE 10
INITRANS 1
STORAGE (
  INITIAL 65536 
  NEXT 1048576 
  MINEXTENTS 1
  MAXEXTENTS 2147483645
  BUFFER_POOL DEFAULT
)
PARALLEL 1
NOCACHE
DISABLE ROW MOVEMENT
;
COMMENT ON COLUMN "SCOTT"."JB_WECHAT_MENU"."MP_ID" IS '微信 ID';
COMMENT ON COLUMN "SCOTT"."JB_WECHAT_MENU"."SORT_RANK" IS '排序';
COMMENT ON COLUMN "SCOTT"."JB_WECHAT_MENU"."APP_ID" IS '微信小程序APPID';
COMMENT ON COLUMN "SCOTT"."JB_WECHAT_MENU"."PAGE_PATH" IS '微信小程序页面地址';
COMMENT ON TABLE "SCOTT"."JB_WECHAT_MENU" IS '微信菜单';

-- ----------------------------
-- Table structure for JB_WECHAT_MPINFO
-- ----------------------------
--DROP TABLE "SCOTT"."JB_WECHAT_MPINFO";
CREATE TABLE "SCOTT"."JB_WECHAT_MPINFO" (
  "ID" NUMBER(9) NOT NULL ,
  "NAME" NVARCHAR2(255) NOT NULL ,
  "LOGO" NVARCHAR2(255) ,
  "CREATE_TIME" TIMESTAMP(6) NOT NULL ,
  "USER_ID" NUMBER(9) NOT NULL ,
  "ENABLE" CHAR(1) NOT NULL ,
  "UPDATE_TIME" TIMESTAMP(6) NOT NULL ,
  "UPDATE_USER_ID" NUMBER(9) NOT NULL ,
  "BRIEF_INFO" NVARCHAR2(255) ,
  "REMARK" NVARCHAR2(255) ,
  "TYPE" NUMBER(9) NOT NULL ,
  "IS_AUTHENTICATED" CHAR(1) NOT NULL ,
  "SUBJECT_TYPE" NUMBER(9) NOT NULL ,
  "WECHAT_ID" NVARCHAR2(255) ,
  "QRCODE" NVARCHAR2(255) 
)
TABLESPACE "USERS"
LOGGING
NOCOMPRESS
PCTFREE 10
INITRANS 1
STORAGE (
  INITIAL 65536 
  NEXT 1048576 
  MINEXTENTS 1
  MAXEXTENTS 2147483645
  BUFFER_POOL DEFAULT
)
PARALLEL 1
NOCACHE
DISABLE ROW MOVEMENT
;
COMMENT ON COLUMN "SCOTT"."JB_WECHAT_MPINFO"."ID" IS '主键';
COMMENT ON COLUMN "SCOTT"."JB_WECHAT_MPINFO"."NAME" IS '平台名称';
COMMENT ON COLUMN "SCOTT"."JB_WECHAT_MPINFO"."LOGO" IS '头像LOGO';
COMMENT ON COLUMN "SCOTT"."JB_WECHAT_MPINFO"."CREATE_TIME" IS '创建时间';
COMMENT ON COLUMN "SCOTT"."JB_WECHAT_MPINFO"."USER_ID" IS '用户ID';
COMMENT ON COLUMN "SCOTT"."JB_WECHAT_MPINFO"."ENABLE" IS '是否启用';
COMMENT ON COLUMN "SCOTT"."JB_WECHAT_MPINFO"."UPDATE_TIME" IS '创建时间';
COMMENT ON COLUMN "SCOTT"."JB_WECHAT_MPINFO"."UPDATE_USER_ID" IS '更新人ID';
COMMENT ON COLUMN "SCOTT"."JB_WECHAT_MPINFO"."BRIEF_INFO" IS '简介';
COMMENT ON COLUMN "SCOTT"."JB_WECHAT_MPINFO"."REMARK" IS '备注';
COMMENT ON COLUMN "SCOTT"."JB_WECHAT_MPINFO"."TYPE" IS '类型 订阅号、服务号、小程序、企业号';
COMMENT ON COLUMN "SCOTT"."JB_WECHAT_MPINFO"."IS_AUTHENTICATED" IS '是否已认证';
COMMENT ON COLUMN "SCOTT"."JB_WECHAT_MPINFO"."SUBJECT_TYPE" IS '申请认证主体的类型 个人还是企业';
COMMENT ON COLUMN "SCOTT"."JB_WECHAT_MPINFO"."WECHAT_ID" IS '微信号';
COMMENT ON COLUMN "SCOTT"."JB_WECHAT_MPINFO"."QRCODE" IS '二维码';
COMMENT ON TABLE "SCOTT"."JB_WECHAT_MPINFO" IS '微信公众号与小程序';

-- ----------------------------
-- Table structure for JB_WECHAT_REPLY_CONTENT
-- ----------------------------
--DROP TABLE "SCOTT"."JB_WECHAT_REPLY_CONTENT";
CREATE TABLE "SCOTT"."JB_WECHAT_REPLY_CONTENT" (
  "ID" NUMBER(9) NOT NULL ,
  "TYPE" NVARCHAR2(40) NOT NULL ,
  "TITLE" NVARCHAR2(64) ,
  "POSTER" NVARCHAR2(255) ,
  "URL" NVARCHAR2(255) ,
  "AUTO_REPLY_ID" NUMBER(9) NOT NULL ,
  "CREATE_TIME" TIMESTAMP(6) NOT NULL ,
  "USER_ID" NUMBER(9) ,
  "MEDIA_ID" NVARCHAR2(255) ,
  "MP_ID" NUMBER(9) NOT NULL ,
  "SORT_RANK" NUMBER(9) NOT NULL ,
  "ENABLE" CHAR(1 CHAR) DEFAULT 0  NOT NULL ,
  "CONTENT" NVARCHAR2(1000) NOT NULL 
)
TABLESPACE "USERS"
LOGGING
NOCOMPRESS
PCTFREE 10
INITRANS 1
STORAGE (
  INITIAL 65536 
  NEXT 1048576 
  MINEXTENTS 1
  MAXEXTENTS 2147483645
  BUFFER_POOL DEFAULT
)
PARALLEL 1
NOCACHE
DISABLE ROW MOVEMENT
;
COMMENT ON COLUMN "SCOTT"."JB_WECHAT_REPLY_CONTENT"."TYPE" IS '类型 图文 文字 图片 音频 视频';
COMMENT ON COLUMN "SCOTT"."JB_WECHAT_REPLY_CONTENT"."AUTO_REPLY_ID" IS '回复规则ID';
COMMENT ON COLUMN "SCOTT"."JB_WECHAT_REPLY_CONTENT"."CREATE_TIME" IS '创建时间';
COMMENT ON COLUMN "SCOTT"."JB_WECHAT_REPLY_CONTENT"."USER_ID" IS '用户 ID';
COMMENT ON COLUMN "SCOTT"."JB_WECHAT_REPLY_CONTENT"."MEDIA_ID" IS '关联数据';
COMMENT ON COLUMN "SCOTT"."JB_WECHAT_REPLY_CONTENT"."MP_ID" IS '微信 ID';
COMMENT ON COLUMN "SCOTT"."JB_WECHAT_REPLY_CONTENT"."SORT_RANK" IS '排序';
COMMENT ON COLUMN "SCOTT"."JB_WECHAT_REPLY_CONTENT"."ENABLE" IS '启用';
COMMENT ON COLUMN "SCOTT"."JB_WECHAT_REPLY_CONTENT"."CONTENT" IS '回复内容';
COMMENT ON TABLE "SCOTT"."JB_WECHAT_REPLY_CONTENT" IS '自动回复内容';

-- ----------------------------
-- Table structure for JB_WECHAT_USER
-- ----------------------------
--DROP TABLE "SCOTT"."JB_WECHAT_USER";
CREATE TABLE "SCOTT"."JB_WECHAT_USER" (
  "ID" NUMBER(9) NOT NULL ,
  "NICKNAME" NVARCHAR2(255) NOT NULL ,
  "OPEN_ID" NVARCHAR2(255) NOT NULL ,
  "UNION_ID" NVARCHAR2(255) ,
  "SEX" NUMBER(9) ,
  "LANGUAGE" NVARCHAR2(255) ,
  "SUBSCIBE" CHAR(1) NOT NULL ,
  "COUNTRY" NVARCHAR2(255) ,
  "PROVINCE" NVARCHAR2(255) ,
  "CITY" NVARCHAR2(255) ,
  "HEAD_IMG_URL" NVARCHAR2(255) ,
  "SUBSCRIBE_TIME" TIMESTAMP(6) ,
  "REMARK" NVARCHAR2(255) ,
  "GROUP_ID" NUMBER(9) ,
  "TAG_IDS" NVARCHAR2(255) ,
  "SUBSCRIBE_SCENE" NVARCHAR2(255) ,
  "QR_SCENE" NUMBER(9) ,
  "QR_SCENE_STR" NVARCHAR2(255) ,
  "REALNAME" NVARCHAR2(255) ,
  "PHONE" NVARCHAR2(255) ,
  "CHECK_CODE" NVARCHAR2(255) ,
  "IS_CHECKED" CHAR(1) ,
  "SOURCE" NUMBER(9) ,
  "SESSION_KEY" NVARCHAR2(255) ,
  "LOGIN_TOKEN" NVARCHAR2(255) ,
  "ENABLE" CHAR(1) ,
  "CREATE_TIME" TIMESTAMP(6) ,
  "CHECKED_TIME" TIMESTAMP(6) ,
  "MP_ID" NUMBER(9) ,
  "WEIXIN" NVARCHAR2(255) 
)
TABLESPACE "USERS"
LOGGING
NOCOMPRESS
PCTFREE 10
INITRANS 1
STORAGE (
  BUFFER_POOL DEFAULT
)
PARALLEL 1
NOCACHE
DISABLE ROW MOVEMENT
;
COMMENT ON COLUMN "SCOTT"."JB_WECHAT_USER"."ID" IS '用户ID';
COMMENT ON COLUMN "SCOTT"."JB_WECHAT_USER"."NICKNAME" IS '用户昵称';
COMMENT ON COLUMN "SCOTT"."JB_WECHAT_USER"."OPEN_ID" IS 'openId';
COMMENT ON COLUMN "SCOTT"."JB_WECHAT_USER"."UNION_ID" IS 'unionID';
COMMENT ON COLUMN "SCOTT"."JB_WECHAT_USER"."SEX" IS '性别 1男 2女 0 未知';
COMMENT ON COLUMN "SCOTT"."JB_WECHAT_USER"."LANGUAGE" IS '语言';
COMMENT ON COLUMN "SCOTT"."JB_WECHAT_USER"."SUBSCIBE" IS '是否已关注';
COMMENT ON COLUMN "SCOTT"."JB_WECHAT_USER"."COUNTRY" IS '国家';
COMMENT ON COLUMN "SCOTT"."JB_WECHAT_USER"."PROVINCE" IS '省';
COMMENT ON COLUMN "SCOTT"."JB_WECHAT_USER"."CITY" IS '城市';
COMMENT ON COLUMN "SCOTT"."JB_WECHAT_USER"."HEAD_IMG_URL" IS '头像';
COMMENT ON COLUMN "SCOTT"."JB_WECHAT_USER"."SUBSCRIBE_TIME" IS '关注时间';
COMMENT ON COLUMN "SCOTT"."JB_WECHAT_USER"."REMARK" IS '备注';
COMMENT ON COLUMN "SCOTT"."JB_WECHAT_USER"."GROUP_ID" IS '分组';
COMMENT ON COLUMN "SCOTT"."JB_WECHAT_USER"."TAG_IDS" IS '标签';
COMMENT ON COLUMN "SCOTT"."JB_WECHAT_USER"."SUBSCRIBE_SCENE" IS '关注渠道';
COMMENT ON COLUMN "SCOTT"."JB_WECHAT_USER"."QR_SCENE" IS '二维码场景-开发者自定义';
COMMENT ON COLUMN "SCOTT"."JB_WECHAT_USER"."QR_SCENE_STR" IS '二维码扫码场景描述-开发者自定义';
COMMENT ON COLUMN "SCOTT"."JB_WECHAT_USER"."REALNAME" IS '真实姓名';
COMMENT ON COLUMN "SCOTT"."JB_WECHAT_USER"."PHONE" IS '手机号';
COMMENT ON COLUMN "SCOTT"."JB_WECHAT_USER"."CHECK_CODE" IS '手机验证码';
COMMENT ON COLUMN "SCOTT"."JB_WECHAT_USER"."IS_CHECKED" IS '是否已验证';
COMMENT ON COLUMN "SCOTT"."JB_WECHAT_USER"."SOURCE" IS '来源 小程序还是公众平台';
COMMENT ON COLUMN "SCOTT"."JB_WECHAT_USER"."SESSION_KEY" IS '小程序登录SessionKey';
COMMENT ON COLUMN "SCOTT"."JB_WECHAT_USER"."LOGIN_TOKEN" IS '登录TOKEN';
COMMENT ON COLUMN "SCOTT"."JB_WECHAT_USER"."ENABLE" IS '禁用访问';
COMMENT ON COLUMN "SCOTT"."JB_WECHAT_USER"."CREATE_TIME" IS '创建时间';
COMMENT ON COLUMN "SCOTT"."JB_WECHAT_USER"."CHECKED_TIME" IS '验证绑定手机号时间';
COMMENT ON COLUMN "SCOTT"."JB_WECHAT_USER"."MP_ID" IS '所属公众平台ID';
COMMENT ON COLUMN "SCOTT"."JB_WECHAT_USER"."WEIXIN" IS '微信号';
COMMENT ON TABLE "SCOTT"."JB_WECHAT_USER" IS '微信用户信息_模板表';

-- ----------------------------
-- Sequence structure for JB_APPLICATION_IDSQ
-- ----------------------------
--DROP SEQUENCE "SCOTT"."JB_APPLICATION_IDSQ";
CREATE SEQUENCE "SCOTT"."JB_APPLICATION_IDSQ" MINVALUE 1000 MAXVALUE 9999999999999999999999999999 INCREMENT BY 1 CACHE 20;

-- ----------------------------
-- Sequence structure for JB_BRAND_IDSQ
-- ----------------------------
--DROP SEQUENCE "SCOTT"."JB_BRAND_IDSQ";
CREATE SEQUENCE "SCOTT"."JB_BRAND_IDSQ" MINVALUE 1000 MAXVALUE 9999999999999999999999999999 INCREMENT BY 1 CACHE 20;

-- ----------------------------
-- Sequence structure for JB_CHANGE_LOG_IDSQ
-- ----------------------------
--DROP SEQUENCE "SCOTT"."JB_CHANGE_LOG_IDSQ";
CREATE SEQUENCE "SCOTT"."JB_CHANGE_LOG_IDSQ" MINVALUE 1000 MAXVALUE 9999999999999999999999999999 INCREMENT BY 1 CACHE 20;

-- ----------------------------
-- Sequence structure for JB_DEMOTABLE_IDSQ
-- ----------------------------
--DROP SEQUENCE "SCOTT"."JB_DEMOTABLE_IDSQ";
CREATE SEQUENCE "SCOTT"."JB_DEMOTABLE_IDSQ" MINVALUE 1000 MAXVALUE 9999999999999999999999999999 INCREMENT BY 1 CACHE 20;

-- ----------------------------
-- Sequence structure for JB_DICTIONARY_IDSQ
-- ----------------------------
--DROP SEQUENCE "SCOTT"."JB_DICTIONARY_IDSQ";
CREATE SEQUENCE "SCOTT"."JB_DICTIONARY_IDSQ" MINVALUE 1000 MAXVALUE 9999999999999999999999999999 INCREMENT BY 1 CACHE 20;

-- ----------------------------
-- Sequence structure for JB_DICTIONARY_TYPE_IDSQ
-- ----------------------------
--DROP SEQUENCE "SCOTT"."JB_DICTIONARY_TYPE_IDSQ";
CREATE SEQUENCE "SCOTT"."JB_DICTIONARY_TYPE_IDSQ" MINVALUE 1000 MAXVALUE 9999999999999999999999999999 INCREMENT BY 1 CACHE 20;

-- ----------------------------
-- Sequence structure for JB_DOWNLOAD_LOG_IDSQ
-- ----------------------------
--DROP SEQUENCE "SCOTT"."JB_DOWNLOAD_LOG_IDSQ";
CREATE SEQUENCE "SCOTT"."JB_DOWNLOAD_LOG_IDSQ" MINVALUE 1000 MAXVALUE 9999999999999999999999999999 INCREMENT BY 1 CACHE 20;

-- ----------------------------
-- Sequence structure for JB_GLOBAL_CONFIG_IDSQ
-- ----------------------------
--DROP SEQUENCE "SCOTT"."JB_GLOBAL_CONFIG_IDSQ";
CREATE SEQUENCE "SCOTT"."JB_GLOBAL_CONFIG_IDSQ" MINVALUE 1000 MAXVALUE 9999999999999999999999999999 INCREMENT BY 1 CACHE 20;

-- ----------------------------
-- Sequence structure for JB_GOODS_ATTR_IDSQ
-- ----------------------------
--DROP SEQUENCE "SCOTT"."JB_GOODS_ATTR_IDSQ";
CREATE SEQUENCE "SCOTT"."JB_GOODS_ATTR_IDSQ" MINVALUE 1000 MAXVALUE 9999999999999999999999999999 INCREMENT BY 1 CACHE 20;

-- ----------------------------
-- Sequence structure for JB_GOODS_BACK_CATEGORY_IDSQ
-- ----------------------------
--DROP SEQUENCE "SCOTT"."JB_GOODS_BACK_CATEGORY_IDSQ";
CREATE SEQUENCE "SCOTT"."JB_GOODS_BACK_CATEGORY_IDSQ" MINVALUE 1000 MAXVALUE 9999999999999999999999999999 INCREMENT BY 1 CACHE 20;

-- ----------------------------
-- Sequence structure for JB_GOODS_ELEMENT_CONTENT_IDSQ
-- ----------------------------
--DROP SEQUENCE "SCOTT"."JB_GOODS_ELEMENT_CONTENT_IDSQ";
CREATE SEQUENCE "SCOTT"."JB_GOODS_ELEMENT_CONTENT_IDSQ" MINVALUE 1000 MAXVALUE 9999999999999999999999999999 INCREMENT BY 1 CACHE 20;

-- ----------------------------
-- Sequence structure for JB_GOODS_GROUP_IDSQ
-- ----------------------------
--DROP SEQUENCE "SCOTT"."JB_GOODS_GROUP_IDSQ";
CREATE SEQUENCE "SCOTT"."JB_GOODS_GROUP_IDSQ" MINVALUE 1000 MAXVALUE 9999999999999999999999999999 INCREMENT BY 1 CACHE 20;

-- ----------------------------
-- Sequence structure for JB_GOODS_HTML_CONTENT_IDSQ
-- ----------------------------
--DROP SEQUENCE "SCOTT"."JB_GOODS_HTML_CONTENT_IDSQ";
CREATE SEQUENCE "SCOTT"."JB_GOODS_HTML_CONTENT_IDSQ" MINVALUE 1000 MAXVALUE 9999999999999999999999999999 INCREMENT BY 1 CACHE 20;

-- ----------------------------
-- Sequence structure for JB_GOODS_IDSQ
-- ----------------------------
--DROP SEQUENCE "SCOTT"."JB_GOODS_IDSQ";
CREATE SEQUENCE "SCOTT"."JB_GOODS_IDSQ" MINVALUE 1000 MAXVALUE 9999999999999999999999999999 INCREMENT BY 1 CACHE 20;

-- ----------------------------
-- Sequence structure for JB_GOODS_TYPE_BRAND_IDSQ
-- ----------------------------
--DROP SEQUENCE "SCOTT"."JB_GOODS_TYPE_BRAND_IDSQ";
CREATE SEQUENCE "SCOTT"."JB_GOODS_TYPE_BRAND_IDSQ" MINVALUE 1000 MAXVALUE 9999999999999999999999999999 INCREMENT BY 1 CACHE 20;

-- ----------------------------
-- Sequence structure for JB_GOODS_TYPE_IDSQ
-- ----------------------------
--DROP SEQUENCE "SCOTT"."JB_GOODS_TYPE_IDSQ";
CREATE SEQUENCE "SCOTT"."JB_GOODS_TYPE_IDSQ" MINVALUE 1000 MAXVALUE 9999999999999999999999999999 INCREMENT BY 1 CACHE 20;

-- ----------------------------
-- Sequence structure for JB_JBOLT_FILE_IDSQ
-- ----------------------------
--DROP SEQUENCE "SCOTT"."JB_JBOLT_FILE_IDSQ";
CREATE SEQUENCE "SCOTT"."JB_JBOLT_FILE_IDSQ" MINVALUE 1000 MAXVALUE 9999999999999999999999999999 INCREMENT BY 1 CACHE 20;

-- ----------------------------
-- Sequence structure for JB_JBOLT_VERSION_FILE_IDSQ
-- ----------------------------
--DROP SEQUENCE "SCOTT"."JB_JBOLT_VERSION_FILE_IDSQ";
CREATE SEQUENCE "SCOTT"."JB_JBOLT_VERSION_FILE_IDSQ" MINVALUE 1000 MAXVALUE 9999999999999999999999999999 INCREMENT BY 1 CACHE 20;

-- ----------------------------
-- Sequence structure for JB_JBOLT_VERSION_IDSQ
-- ----------------------------
--DROP SEQUENCE "SCOTT"."JB_JBOLT_VERSION_IDSQ";
CREATE SEQUENCE "SCOTT"."JB_JBOLT_VERSION_IDSQ" MINVALUE 1000 MAXVALUE 9999999999999999999999999999 INCREMENT BY 1 CACHE 20;

-- ----------------------------
-- Sequence structure for JB_ORDER_IDSQ
-- ----------------------------
--DROP SEQUENCE "SCOTT"."JB_ORDER_IDSQ";
CREATE SEQUENCE "SCOTT"."JB_ORDER_IDSQ" MINVALUE 1000 MAXVALUE 9999999999999999999999999999 INCREMENT BY 1 CACHE 20;

-- ----------------------------
-- Sequence structure for JB_ORDER_ITEM_IDSQ
-- ----------------------------
--DROP SEQUENCE "SCOTT"."JB_ORDER_ITEM_IDSQ";
CREATE SEQUENCE "SCOTT"."JB_ORDER_ITEM_IDSQ" MINVALUE 1000 MAXVALUE 9999999999999999999999999999 INCREMENT BY 1 CACHE 20;

-- ----------------------------
-- Sequence structure for JB_ORDER_SHIPPING_IDSQ
-- ----------------------------
--DROP SEQUENCE "SCOTT"."JB_ORDER_SHIPPING_IDSQ";
CREATE SEQUENCE "SCOTT"."JB_ORDER_SHIPPING_IDSQ" MINVALUE 1000 MAXVALUE 9999999999999999999999999999 INCREMENT BY 1 CACHE 20;

-- ----------------------------
-- Sequence structure for JB_PERMISSION_IDSQ
-- ----------------------------
--DROP SEQUENCE "SCOTT"."JB_PERMISSION_IDSQ";
CREATE SEQUENCE "SCOTT"."JB_PERMISSION_IDSQ" MINVALUE 1000 MAXVALUE 9999999999999999999999999999 INCREMENT BY 1 CACHE 20;

-- ----------------------------
-- Sequence structure for JB_ROLE_IDSQ
-- ----------------------------
--DROP SEQUENCE "SCOTT"."JB_ROLE_IDSQ";
CREATE SEQUENCE "SCOTT"."JB_ROLE_IDSQ" MINVALUE 1000 MAXVALUE 9999999999999999999999999999 INCREMENT BY 1 CACHE 20;

-- ----------------------------
-- Sequence structure for JB_ROLE_PERMISSION_IDSQ
-- ----------------------------
--DROP SEQUENCE "SCOTT"."JB_ROLE_PERMISSION_IDSQ";
CREATE SEQUENCE "SCOTT"."JB_ROLE_PERMISSION_IDSQ" MINVALUE 1000 MAXVALUE 9999999999999999999999999999 INCREMENT BY 1 CACHE 20;

-- ----------------------------
-- Sequence structure for JB_SHELF_ACTIVITY_IDSQ
-- ----------------------------
--DROP SEQUENCE "SCOTT"."JB_SHELF_ACTIVITY_IDSQ";
CREATE SEQUENCE "SCOTT"."JB_SHELF_ACTIVITY_IDSQ" MINVALUE 1000 MAXVALUE 9999999999999999999999999999 INCREMENT BY 1 CACHE 20;

-- ----------------------------
-- Sequence structure for JB_SHELF_CAROUSEL_IDSQ
-- ----------------------------
--DROP SEQUENCE "SCOTT"."JB_SHELF_CAROUSEL_IDSQ";
CREATE SEQUENCE "SCOTT"."JB_SHELF_CAROUSEL_IDSQ" MINVALUE 1000 MAXVALUE 9999999999999999999999999999 INCREMENT BY 1 CACHE 20;

-- ----------------------------
-- Sequence structure for JB_SHELF_ELEMENT_IDSQ
-- ----------------------------
--DROP SEQUENCE "SCOTT"."JB_SHELF_ELEMENT_IDSQ";
CREATE SEQUENCE "SCOTT"."JB_SHELF_ELEMENT_IDSQ" MINVALUE 1000 MAXVALUE 9999999999999999999999999999 INCREMENT BY 1 CACHE 20;

-- ----------------------------
-- Sequence structure for JB_SHELF_GOODS_FLOOR_IDSQ
-- ----------------------------
--DROP SEQUENCE "SCOTT"."JB_SHELF_GOODS_FLOOR_IDSQ";
CREATE SEQUENCE "SCOTT"."JB_SHELF_GOODS_FLOOR_IDSQ" MINVALUE 1000 MAXVALUE 9999999999999999999999999999 INCREMENT BY 1 CACHE 20;

-- ----------------------------
-- Sequence structure for JB_SHELF_GOODS_GROUP_IDSQ
-- ----------------------------
--DROP SEQUENCE "SCOTT"."JB_SHELF_GOODS_GROUP_IDSQ";
CREATE SEQUENCE "SCOTT"."JB_SHELF_GOODS_GROUP_IDSQ" MINVALUE 1000 MAXVALUE 9999999999999999999999999999 INCREMENT BY 1 CACHE 20;

-- ----------------------------
-- Sequence structure for JB_SHELF_IDSQ
-- ----------------------------
--DROP SEQUENCE "SCOTT"."JB_SHELF_IDSQ";
CREATE SEQUENCE "SCOTT"."JB_SHELF_IDSQ" MINVALUE 1000 MAXVALUE 9999999999999999999999999999 INCREMENT BY 1 CACHE 20;

-- ----------------------------
-- Sequence structure for JB_SKU_IDSQ
-- ----------------------------
--DROP SEQUENCE "SCOTT"."JB_SKU_IDSQ";
CREATE SEQUENCE "SCOTT"."JB_SKU_IDSQ" MINVALUE 1000 MAXVALUE 9999999999999999999999999999 INCREMENT BY 1 CACHE 20;

-- ----------------------------
-- Sequence structure for JB_SKU_ITEM_IDSQ
-- ----------------------------
--DROP SEQUENCE "SCOTT"."JB_SKU_ITEM_IDSQ";
CREATE SEQUENCE "SCOTT"."JB_SKU_ITEM_IDSQ" MINVALUE 1000 MAXVALUE 9999999999999999999999999999 INCREMENT BY 1 CACHE 20;

-- ----------------------------
-- Sequence structure for JB_SPEC_IDSQ
-- ----------------------------
--DROP SEQUENCE "SCOTT"."JB_SPEC_IDSQ";
CREATE SEQUENCE "SCOTT"."JB_SPEC_IDSQ" MINVALUE 1000 MAXVALUE 9999999999999999999999999999 INCREMENT BY 1 CACHE 20;

-- ----------------------------
-- Sequence structure for JB_SPEC_ITEM_IDSQ
-- ----------------------------
--DROP SEQUENCE "SCOTT"."JB_SPEC_ITEM_IDSQ";
CREATE SEQUENCE "SCOTT"."JB_SPEC_ITEM_IDSQ" MINVALUE 1000 MAXVALUE 9999999999999999999999999999 INCREMENT BY 1 CACHE 20;

-- ----------------------------
-- Sequence structure for JB_SYSTEM_LOG_IDSQ
-- ----------------------------
--DROP SEQUENCE "SCOTT"."JB_SYSTEM_LOG_IDSQ";
CREATE SEQUENCE "SCOTT"."JB_SYSTEM_LOG_IDSQ" MINVALUE 1000 MAXVALUE 9999999999999999999999999999 INCREMENT BY 1 CACHE 20;

-- ----------------------------
-- Sequence structure for JB_UPDATE_LIBS_IDSQ
-- ----------------------------
--DROP SEQUENCE "SCOTT"."JB_UPDATE_LIBS_IDSQ";
CREATE SEQUENCE "SCOTT"."JB_UPDATE_LIBS_IDSQ" MINVALUE 1000 MAXVALUE 9999999999999999999999999999 INCREMENT BY 1 CACHE 20;

-- ----------------------------
-- Sequence structure for JB_USER_CONFIG_IDSQ
-- ----------------------------
--DROP SEQUENCE "SCOTT"."JB_USER_CONFIG_IDSQ";
CREATE SEQUENCE "SCOTT"."JB_USER_CONFIG_IDSQ" MINVALUE 1000 MAXVALUE 9999999999999999999999999999 INCREMENT BY 1 CACHE 20;

-- ----------------------------
-- Sequence structure for JB_USER_IDSQ
-- ----------------------------
--DROP SEQUENCE "SCOTT"."JB_USER_IDSQ";
CREATE SEQUENCE "SCOTT"."JB_USER_IDSQ" MINVALUE 1000 MAXVALUE 9999999999999999999999999999 INCREMENT BY 1 CACHE 20;

-- ----------------------------
-- Sequence structure for JB_WECHAT_ARTICLE_IDSQ
-- ----------------------------
--DROP SEQUENCE "SCOTT"."JB_WECHAT_ARTICLE_IDSQ";
CREATE SEQUENCE "SCOTT"."JB_WECHAT_ARTICLE_IDSQ" MINVALUE 1000 MAXVALUE 9999999999999999999999999999 INCREMENT BY 1 CACHE 20;

-- ----------------------------
-- Sequence structure for JB_WECHAT_AUTOREPLY_IDSQ
-- ----------------------------
--DROP SEQUENCE "SCOTT"."JB_WECHAT_AUTOREPLY_IDSQ";
CREATE SEQUENCE "SCOTT"."JB_WECHAT_AUTOREPLY_IDSQ" MINVALUE 1000 MAXVALUE 9999999999999999999999999999 INCREMENT BY 1 CACHE 20;

-- ----------------------------
-- Sequence structure for JB_WECHAT_CONFIG_IDSQ
-- ----------------------------
--DROP SEQUENCE "SCOTT"."JB_WECHAT_CONFIG_IDSQ";
CREATE SEQUENCE "SCOTT"."JB_WECHAT_CONFIG_IDSQ" MINVALUE 1000 MAXVALUE 9999999999999999999999999999 INCREMENT BY 1 CACHE 20;

-- ----------------------------
-- Sequence structure for JB_WECHAT_KEYWORDS_IDSQ
-- ----------------------------
--DROP SEQUENCE "SCOTT"."JB_WECHAT_KEYWORDS_IDSQ";
CREATE SEQUENCE "SCOTT"."JB_WECHAT_KEYWORDS_IDSQ" MINVALUE 1000 MAXVALUE 9999999999999999999999999999 INCREMENT BY 1 CACHE 20;

-- ----------------------------
-- Sequence structure for JB_WECHAT_MEDIA_IDSQ
-- ----------------------------
--DROP SEQUENCE "SCOTT"."JB_WECHAT_MEDIA_IDSQ";
CREATE SEQUENCE "SCOTT"."JB_WECHAT_MEDIA_IDSQ" MINVALUE 1000 MAXVALUE 9999999999999999999999999999 INCREMENT BY 1 CACHE 20;

-- ----------------------------
-- Sequence structure for JB_WECHAT_MENU_IDSQ
-- ----------------------------
--DROP SEQUENCE "SCOTT"."JB_WECHAT_MENU_IDSQ";
CREATE SEQUENCE "SCOTT"."JB_WECHAT_MENU_IDSQ" MINVALUE 1000 MAXVALUE 9999999999999999999999999999 INCREMENT BY 1 CACHE 20;

-- ----------------------------
-- Sequence structure for JB_WECHAT_MPINFO_IDSQ
-- ----------------------------
--DROP SEQUENCE "SCOTT"."JB_WECHAT_MPINFO_IDSQ";
CREATE SEQUENCE "SCOTT"."JB_WECHAT_MPINFO_IDSQ" MINVALUE 1000 MAXVALUE 9999999999999999999999999999 INCREMENT BY 1 CACHE 20;

-- ----------------------------
-- Sequence structure for JB_WECHAT_REPLY_CONTENT_IDSQ
-- ----------------------------
--DROP SEQUENCE "SCOTT"."JB_WECHAT_REPLY_CONTENT_IDSQ";
CREATE SEQUENCE "SCOTT"."JB_WECHAT_REPLY_CONTENT_IDSQ" MINVALUE 1000 MAXVALUE 9999999999999999999999999999 INCREMENT BY 1 CACHE 20;

-- ----------------------------
-- Sequence structure for JB_WECHAT_USER_IDSQ
-- ----------------------------
--DROP SEQUENCE "SCOTT"."JB_WECHAT_USER_IDSQ";
CREATE SEQUENCE "SCOTT"."JB_WECHAT_USER_IDSQ" MINVALUE 1000 MAXVALUE 9999999999999999999999999999 INCREMENT BY 1 CACHE 20;

-- ----------------------------
-- Primary Key structure for table JB_APPLICATION
-- ----------------------------
ALTER TABLE "SCOTT"."JB_APPLICATION" ADD CONSTRAINT "jb_application_pkey" PRIMARY KEY ("ID");

-- ----------------------------
-- Checks structure for table JB_APPLICATION
-- ----------------------------
ALTER TABLE "SCOTT"."JB_APPLICATION" ADD CONSTRAINT "SYS_C0013198" CHECK ("ID" IS NOT NULL) NOT DEFERRABLE INITIALLY IMMEDIATE NORELY VALIDATE;
ALTER TABLE "SCOTT"."JB_APPLICATION" ADD CONSTRAINT "SYS_C0013199" CHECK ("NAME" IS NOT NULL) NOT DEFERRABLE INITIALLY IMMEDIATE NORELY VALIDATE;
ALTER TABLE "SCOTT"."JB_APPLICATION" ADD CONSTRAINT "SYS_C0013200" CHECK ("APP_ID" IS NOT NULL) NOT DEFERRABLE INITIALLY IMMEDIATE NORELY VALIDATE;
ALTER TABLE "SCOTT"."JB_APPLICATION" ADD CONSTRAINT "SYS_C0013201" CHECK ("APP_SECRET" IS NOT NULL) NOT DEFERRABLE INITIALLY IMMEDIATE NORELY VALIDATE;
ALTER TABLE "SCOTT"."JB_APPLICATION" ADD CONSTRAINT "SYS_C0013202" CHECK ("ENABLE" IS NOT NULL) NOT DEFERRABLE INITIALLY IMMEDIATE NORELY VALIDATE;
ALTER TABLE "SCOTT"."JB_APPLICATION" ADD CONSTRAINT "SYS_C0013203" CHECK ("CREATE_TIME" IS NOT NULL) NOT DEFERRABLE INITIALLY IMMEDIATE NORELY VALIDATE;
ALTER TABLE "SCOTT"."JB_APPLICATION" ADD CONSTRAINT "SYS_C0013204" CHECK ("UPDATE_TIME" IS NOT NULL) NOT DEFERRABLE INITIALLY IMMEDIATE NORELY VALIDATE;
ALTER TABLE "SCOTT"."JB_APPLICATION" ADD CONSTRAINT "SYS_C0013205" CHECK ("USER_ID" IS NOT NULL) NOT DEFERRABLE INITIALLY IMMEDIATE NORELY VALIDATE;
ALTER TABLE "SCOTT"."JB_APPLICATION" ADD CONSTRAINT "SYS_C0013206" CHECK ("UPDATE_USER_ID" IS NOT NULL) NOT DEFERRABLE INITIALLY IMMEDIATE NORELY VALIDATE;
ALTER TABLE "SCOTT"."JB_APPLICATION" ADD CONSTRAINT "SYS_C0013207" CHECK ("TYPE" IS NOT NULL) NOT DEFERRABLE INITIALLY IMMEDIATE NORELY VALIDATE;
ALTER TABLE "SCOTT"."JB_APPLICATION" ADD CONSTRAINT "SYS_C0013208" CHECK ("NEED_CHECK_SIGN" IS NOT NULL) NOT DEFERRABLE INITIALLY IMMEDIATE NORELY VALIDATE;

-- ----------------------------
-- Primary Key structure for table JB_BRAND
-- ----------------------------
ALTER TABLE "SCOTT"."JB_BRAND" ADD CONSTRAINT "jb_brand_pkey" PRIMARY KEY ("ID");

-- ----------------------------
-- Checks structure for table JB_BRAND
-- ----------------------------
ALTER TABLE "SCOTT"."JB_BRAND" ADD CONSTRAINT "SYS_C0013209" CHECK ("ID" IS NOT NULL) NOT DEFERRABLE INITIALLY IMMEDIATE NORELY VALIDATE;
ALTER TABLE "SCOTT"."JB_BRAND" ADD CONSTRAINT "SYS_C0013210" CHECK ("NAME" IS NOT NULL) NOT DEFERRABLE INITIALLY IMMEDIATE NORELY VALIDATE;
ALTER TABLE "SCOTT"."JB_BRAND" ADD CONSTRAINT "SYS_C0013211" CHECK ("ENABLE" IS NOT NULL) NOT DEFERRABLE INITIALLY IMMEDIATE NORELY VALIDATE;
ALTER TABLE "SCOTT"."JB_BRAND" ADD CONSTRAINT "SYS_C0013212" CHECK ("SORT_RANK" IS NOT NULL) NOT DEFERRABLE INITIALLY IMMEDIATE NORELY VALIDATE;

-- ----------------------------
-- Primary Key structure for table JB_CHANGE_LOG
-- ----------------------------
ALTER TABLE "SCOTT"."JB_CHANGE_LOG" ADD CONSTRAINT "jb_change_log_pkey" PRIMARY KEY ("ID");

-- ----------------------------
-- Checks structure for table JB_CHANGE_LOG
-- ----------------------------
ALTER TABLE "SCOTT"."JB_CHANGE_LOG" ADD CONSTRAINT "SYS_C0013213" CHECK ("ID" IS NOT NULL) NOT DEFERRABLE INITIALLY IMMEDIATE NORELY VALIDATE;
ALTER TABLE "SCOTT"."JB_CHANGE_LOG" ADD CONSTRAINT "SYS_C0013215" CHECK ("CREATE_TIME" IS NOT NULL) NOT DEFERRABLE INITIALLY IMMEDIATE NORELY VALIDATE;
ALTER TABLE "SCOTT"."JB_CHANGE_LOG" ADD CONSTRAINT "SYS_C0013216" CHECK ("JBOLT_VERSION_ID" IS NOT NULL) NOT DEFERRABLE INITIALLY IMMEDIATE NORELY VALIDATE;

-- ----------------------------
-- Primary Key structure for table JB_DEMOTABLE
-- ----------------------------
ALTER TABLE "SCOTT"."JB_DEMOTABLE" ADD CONSTRAINT "jb_demotable_pkey" PRIMARY KEY ("ID");

-- ----------------------------
-- Checks structure for table JB_DEMOTABLE
-- ----------------------------
ALTER TABLE "SCOTT"."JB_DEMOTABLE" ADD CONSTRAINT "SYS_C0013217" CHECK ("ID" IS NOT NULL) NOT DEFERRABLE INITIALLY IMMEDIATE NORELY VALIDATE;

-- ----------------------------
-- Primary Key structure for table JB_DICTIONARY
-- ----------------------------
ALTER TABLE "SCOTT"."JB_DICTIONARY" ADD CONSTRAINT "jb_dictionary_pkey" PRIMARY KEY ("ID");

-- ----------------------------
-- Checks structure for table JB_DICTIONARY
-- ----------------------------
ALTER TABLE "SCOTT"."JB_DICTIONARY" ADD CONSTRAINT "SYS_C0013218" CHECK ("ID" IS NOT NULL) NOT DEFERRABLE INITIALLY IMMEDIATE NORELY VALIDATE;
ALTER TABLE "SCOTT"."JB_DICTIONARY" ADD CONSTRAINT "SYS_C0013219" CHECK ("NAME" IS NOT NULL) NOT DEFERRABLE INITIALLY IMMEDIATE NORELY VALIDATE;
ALTER TABLE "SCOTT"."JB_DICTIONARY" ADD CONSTRAINT "SYS_C0013220" CHECK ("TYPE_ID" IS NOT NULL) NOT DEFERRABLE INITIALLY IMMEDIATE NORELY VALIDATE;
ALTER TABLE "SCOTT"."JB_DICTIONARY" ADD CONSTRAINT "SYS_C0013221" CHECK ("PID" IS NOT NULL) NOT DEFERRABLE INITIALLY IMMEDIATE NORELY VALIDATE;
ALTER TABLE "SCOTT"."JB_DICTIONARY" ADD CONSTRAINT "SYS_C0013222" CHECK ("SORT_RANK" IS NOT NULL) NOT DEFERRABLE INITIALLY IMMEDIATE NORELY VALIDATE;

-- ----------------------------
-- Primary Key structure for table JB_DICTIONARY_TYPE
-- ----------------------------
ALTER TABLE "SCOTT"."JB_DICTIONARY_TYPE" ADD CONSTRAINT "jb_dictionary_type_pkey" PRIMARY KEY ("ID");

-- ----------------------------
-- Checks structure for table JB_DICTIONARY_TYPE
-- ----------------------------
ALTER TABLE "SCOTT"."JB_DICTIONARY_TYPE" ADD CONSTRAINT "SYS_C0013223" CHECK ("ID" IS NOT NULL) NOT DEFERRABLE INITIALLY IMMEDIATE NORELY VALIDATE;
ALTER TABLE "SCOTT"."JB_DICTIONARY_TYPE" ADD CONSTRAINT "SYS_C0013224" CHECK ("NAME" IS NOT NULL) NOT DEFERRABLE INITIALLY IMMEDIATE NORELY VALIDATE;
ALTER TABLE "SCOTT"."JB_DICTIONARY_TYPE" ADD CONSTRAINT "SYS_C0013225" CHECK ("MODE_LEVEL" IS NOT NULL) NOT DEFERRABLE INITIALLY IMMEDIATE NORELY VALIDATE;
ALTER TABLE "SCOTT"."JB_DICTIONARY_TYPE" ADD CONSTRAINT "SYS_C0013226" CHECK ("TYPE_KEY" IS NOT NULL) NOT DEFERRABLE INITIALLY IMMEDIATE NORELY VALIDATE;

-- ----------------------------
-- Primary Key structure for table JB_DOWNLOAD_LOG
-- ----------------------------
ALTER TABLE "SCOTT"."JB_DOWNLOAD_LOG" ADD CONSTRAINT "jb_download_log_pkey" PRIMARY KEY ("ID");

-- ----------------------------
-- Checks structure for table JB_DOWNLOAD_LOG
-- ----------------------------
ALTER TABLE "SCOTT"."JB_DOWNLOAD_LOG" ADD CONSTRAINT "SYS_C0013227" CHECK ("ID" IS NOT NULL) NOT DEFERRABLE INITIALLY IMMEDIATE NORELY VALIDATE;
ALTER TABLE "SCOTT"."JB_DOWNLOAD_LOG" ADD CONSTRAINT "SYS_C0013228" CHECK ("IPADDRESS" IS NOT NULL) NOT DEFERRABLE INITIALLY IMMEDIATE NORELY VALIDATE;
ALTER TABLE "SCOTT"."JB_DOWNLOAD_LOG" ADD CONSTRAINT "SYS_C0013229" CHECK ("DOWNLOAD_TYPE" IS NOT NULL) NOT DEFERRABLE INITIALLY IMMEDIATE NORELY VALIDATE;
ALTER TABLE "SCOTT"."JB_DOWNLOAD_LOG" ADD CONSTRAINT "SYS_C0013230" CHECK ("DOWNLOAD_TIME" IS NOT NULL) NOT DEFERRABLE INITIALLY IMMEDIATE NORELY VALIDATE;

-- ----------------------------
-- Primary Key structure for table JB_GLOBAL_CONFIG
-- ----------------------------
ALTER TABLE "SCOTT"."JB_GLOBAL_CONFIG" ADD CONSTRAINT "jb_global_config_pkey" PRIMARY KEY ("ID");

-- ----------------------------
-- Checks structure for table JB_GLOBAL_CONFIG
-- ----------------------------
ALTER TABLE "SCOTT"."JB_GLOBAL_CONFIG" ADD CONSTRAINT "SYS_C0013231" CHECK ("ID" IS NOT NULL) NOT DEFERRABLE INITIALLY IMMEDIATE NORELY VALIDATE;
ALTER TABLE "SCOTT"."JB_GLOBAL_CONFIG" ADD CONSTRAINT "SYS_C0013232" CHECK ("CONFIG_KEY" IS NOT NULL) NOT DEFERRABLE INITIALLY IMMEDIATE NORELY VALIDATE;
ALTER TABLE "SCOTT"."JB_GLOBAL_CONFIG" ADD CONSTRAINT "SYS_C0013233" CHECK ("CONFIG_VALUE" IS NOT NULL) NOT DEFERRABLE INITIALLY IMMEDIATE NORELY VALIDATE;
ALTER TABLE "SCOTT"."JB_GLOBAL_CONFIG" ADD CONSTRAINT "SYS_C0013234" CHECK ("CREATE_TIME" IS NOT NULL) NOT DEFERRABLE INITIALLY IMMEDIATE NORELY VALIDATE;
ALTER TABLE "SCOTT"."JB_GLOBAL_CONFIG" ADD CONSTRAINT "SYS_C0013235" CHECK ("USER_ID" IS NOT NULL) NOT DEFERRABLE INITIALLY IMMEDIATE NORELY VALIDATE;
ALTER TABLE "SCOTT"."JB_GLOBAL_CONFIG" ADD CONSTRAINT "SYS_C0013236" CHECK ("UPDATE_TIME" IS NOT NULL) NOT DEFERRABLE INITIALLY IMMEDIATE NORELY VALIDATE;
ALTER TABLE "SCOTT"."JB_GLOBAL_CONFIG" ADD CONSTRAINT "SYS_C0013237" CHECK ("UPDATE_USER_ID" IS NOT NULL) NOT DEFERRABLE INITIALLY IMMEDIATE NORELY VALIDATE;
ALTER TABLE "SCOTT"."JB_GLOBAL_CONFIG" ADD CONSTRAINT "SYS_C0013238" CHECK ("NAME" IS NOT NULL) NOT DEFERRABLE INITIALLY IMMEDIATE NORELY VALIDATE;

-- ----------------------------
-- Primary Key structure for table JB_GOODS
-- ----------------------------
ALTER TABLE "SCOTT"."JB_GOODS" ADD CONSTRAINT "jb_goods_pkey" PRIMARY KEY ("ID");

-- ----------------------------
-- Checks structure for table JB_GOODS
-- ----------------------------
ALTER TABLE "SCOTT"."JB_GOODS" ADD CONSTRAINT "SYS_C0013239" CHECK ("ID" IS NOT NULL) NOT DEFERRABLE INITIALLY IMMEDIATE NORELY VALIDATE;
ALTER TABLE "SCOTT"."JB_GOODS" ADD CONSTRAINT "SYS_C0013240" CHECK ("NAME" IS NOT NULL) NOT DEFERRABLE INITIALLY IMMEDIATE NORELY VALIDATE;
ALTER TABLE "SCOTT"."JB_GOODS" ADD CONSTRAINT "SYS_C0013241" CHECK ("PRICE" IS NOT NULL) NOT DEFERRABLE INITIALLY IMMEDIATE NORELY VALIDATE;
ALTER TABLE "SCOTT"."JB_GOODS" ADD CONSTRAINT "SYS_C0013242" CHECK ("CREATE_USER_ID" IS NOT NULL) NOT DEFERRABLE INITIALLY IMMEDIATE NORELY VALIDATE;
ALTER TABLE "SCOTT"."JB_GOODS" ADD CONSTRAINT "SYS_C0013243" CHECK ("BCATEGORY_ID" IS NOT NULL) NOT DEFERRABLE INITIALLY IMMEDIATE NORELY VALIDATE;

-- ----------------------------
-- Primary Key structure for table JB_GOODS_ATTR
-- ----------------------------
ALTER TABLE "SCOTT"."JB_GOODS_ATTR" ADD CONSTRAINT "jb_goods_attr_pkey" PRIMARY KEY ("ID");

-- ----------------------------
-- Checks structure for table JB_GOODS_ATTR
-- ----------------------------
ALTER TABLE "SCOTT"."JB_GOODS_ATTR" ADD CONSTRAINT "SYS_C0013244" CHECK ("ID" IS NOT NULL) NOT DEFERRABLE INITIALLY IMMEDIATE NORELY VALIDATE;
ALTER TABLE "SCOTT"."JB_GOODS_ATTR" ADD CONSTRAINT "SYS_C0013245" CHECK ("NAME" IS NOT NULL) NOT DEFERRABLE INITIALLY IMMEDIATE NORELY VALIDATE;
ALTER TABLE "SCOTT"."JB_GOODS_ATTR" ADD CONSTRAINT "SYS_C0013246" CHECK ("VALUE" IS NOT NULL) NOT DEFERRABLE INITIALLY IMMEDIATE NORELY VALIDATE;
ALTER TABLE "SCOTT"."JB_GOODS_ATTR" ADD CONSTRAINT "SYS_C0013247" CHECK ("GOODS_ID" IS NOT NULL) NOT DEFERRABLE INITIALLY IMMEDIATE NORELY VALIDATE;

-- ----------------------------
-- Primary Key structure for table JB_GOODS_BACK_CATEGORY
-- ----------------------------
ALTER TABLE "SCOTT"."JB_GOODS_BACK_CATEGORY" ADD CONSTRAINT "jb_goods_back_category_pkey" PRIMARY KEY ("ID");

-- ----------------------------
-- Checks structure for table JB_GOODS_BACK_CATEGORY
-- ----------------------------
ALTER TABLE "SCOTT"."JB_GOODS_BACK_CATEGORY" ADD CONSTRAINT "SYS_C0013248" CHECK ("ID" IS NOT NULL) NOT DEFERRABLE INITIALLY IMMEDIATE NORELY VALIDATE;
ALTER TABLE "SCOTT"."JB_GOODS_BACK_CATEGORY" ADD CONSTRAINT "SYS_C0013249" CHECK ("NAME" IS NOT NULL) NOT DEFERRABLE INITIALLY IMMEDIATE NORELY VALIDATE;
ALTER TABLE "SCOTT"."JB_GOODS_BACK_CATEGORY" ADD CONSTRAINT "SYS_C0013250" CHECK ("PID" IS NOT NULL) NOT DEFERRABLE INITIALLY IMMEDIATE NORELY VALIDATE;
ALTER TABLE "SCOTT"."JB_GOODS_BACK_CATEGORY" ADD CONSTRAINT "SYS_C0013251" CHECK ("ENABLE" IS NOT NULL) NOT DEFERRABLE INITIALLY IMMEDIATE NORELY VALIDATE;
ALTER TABLE "SCOTT"."JB_GOODS_BACK_CATEGORY" ADD CONSTRAINT "SYS_C0013252" CHECK ("SORT_RANK" IS NOT NULL) NOT DEFERRABLE INITIALLY IMMEDIATE NORELY VALIDATE;

-- ----------------------------
-- Primary Key structure for table JB_GOODS_ELEMENT_CONTENT
-- ----------------------------
ALTER TABLE "SCOTT"."JB_GOODS_ELEMENT_CONTENT" ADD CONSTRAINT "jb_goods_element_content_pkey" PRIMARY KEY ("ID");

-- ----------------------------
-- Checks structure for table JB_GOODS_ELEMENT_CONTENT
-- ----------------------------
ALTER TABLE "SCOTT"."JB_GOODS_ELEMENT_CONTENT" ADD CONSTRAINT "SYS_C0013253" CHECK ("ID" IS NOT NULL) NOT DEFERRABLE INITIALLY IMMEDIATE NORELY VALIDATE;
ALTER TABLE "SCOTT"."JB_GOODS_ELEMENT_CONTENT" ADD CONSTRAINT "SYS_C0013254" CHECK ("GOODS_ID" IS NOT NULL) NOT DEFERRABLE INITIALLY IMMEDIATE NORELY VALIDATE;
ALTER TABLE "SCOTT"."JB_GOODS_ELEMENT_CONTENT" ADD CONSTRAINT "SYS_C0013255" CHECK ("TYPE" IS NOT NULL) NOT DEFERRABLE INITIALLY IMMEDIATE NORELY VALIDATE;
ALTER TABLE "SCOTT"."JB_GOODS_ELEMENT_CONTENT" ADD CONSTRAINT "SYS_C0013256" CHECK ("CONTENT" IS NOT NULL) NOT DEFERRABLE INITIALLY IMMEDIATE NORELY VALIDATE;
ALTER TABLE "SCOTT"."JB_GOODS_ELEMENT_CONTENT" ADD CONSTRAINT "SYS_C0013257" CHECK ("SORT_RANK" IS NOT NULL) NOT DEFERRABLE INITIALLY IMMEDIATE NORELY VALIDATE;
ALTER TABLE "SCOTT"."JB_GOODS_ELEMENT_CONTENT" ADD CONSTRAINT "SYS_C0013258" CHECK ("SKU_ID" IS NOT NULL) NOT DEFERRABLE INITIALLY IMMEDIATE NORELY VALIDATE;

-- ----------------------------
-- Primary Key structure for table JB_GOODS_GROUP
-- ----------------------------
ALTER TABLE "SCOTT"."JB_GOODS_GROUP" ADD CONSTRAINT "jb_goods_group_pkey" PRIMARY KEY ("ID");

-- ----------------------------
-- Checks structure for table JB_GOODS_GROUP
-- ----------------------------
ALTER TABLE "SCOTT"."JB_GOODS_GROUP" ADD CONSTRAINT "SYS_C0013259" CHECK ("ID" IS NOT NULL) NOT DEFERRABLE INITIALLY IMMEDIATE NORELY VALIDATE;
ALTER TABLE "SCOTT"."JB_GOODS_GROUP" ADD CONSTRAINT "SYS_C0013260" CHECK ("NAME" IS NOT NULL) NOT DEFERRABLE INITIALLY IMMEDIATE NORELY VALIDATE;
ALTER TABLE "SCOTT"."JB_GOODS_GROUP" ADD CONSTRAINT "SYS_C0013261" CHECK ("SORT_RANK" IS NOT NULL) NOT DEFERRABLE INITIALLY IMMEDIATE NORELY VALIDATE;
ALTER TABLE "SCOTT"."JB_GOODS_GROUP" ADD CONSTRAINT "SYS_C0013262" CHECK ("GOODS_COUNT" IS NOT NULL) NOT DEFERRABLE INITIALLY IMMEDIATE NORELY VALIDATE;
ALTER TABLE "SCOTT"."JB_GOODS_GROUP" ADD CONSTRAINT "SYS_C0013263" CHECK ("ENABLE" IS NOT NULL) NOT DEFERRABLE INITIALLY IMMEDIATE NORELY VALIDATE;

-- ----------------------------
-- Primary Key structure for table JB_GOODS_HTML_CONTENT
-- ----------------------------
ALTER TABLE "SCOTT"."JB_GOODS_HTML_CONTENT" ADD CONSTRAINT "jb_goods_html_content_pkey" PRIMARY KEY ("ID");

-- ----------------------------
-- Checks structure for table JB_GOODS_HTML_CONTENT
-- ----------------------------
ALTER TABLE "SCOTT"."JB_GOODS_HTML_CONTENT" ADD CONSTRAINT "SYS_C0013264" CHECK ("ID" IS NOT NULL) NOT DEFERRABLE INITIALLY IMMEDIATE NORELY VALIDATE;

-- ----------------------------
-- Primary Key structure for table JB_GOODS_TYPE
-- ----------------------------
ALTER TABLE "SCOTT"."JB_GOODS_TYPE" ADD CONSTRAINT "jb_goods_type_pkey" PRIMARY KEY ("ID");

-- ----------------------------
-- Checks structure for table JB_GOODS_TYPE
-- ----------------------------
ALTER TABLE "SCOTT"."JB_GOODS_TYPE" ADD CONSTRAINT "SYS_C0013265" CHECK ("ID" IS NOT NULL) NOT DEFERRABLE INITIALLY IMMEDIATE NORELY VALIDATE;
ALTER TABLE "SCOTT"."JB_GOODS_TYPE" ADD CONSTRAINT "SYS_C0013266" CHECK ("NAME" IS NOT NULL) NOT DEFERRABLE INITIALLY IMMEDIATE NORELY VALIDATE;
ALTER TABLE "SCOTT"."JB_GOODS_TYPE" ADD CONSTRAINT "SYS_C0013267" CHECK ("ENABLE" IS NOT NULL) NOT DEFERRABLE INITIALLY IMMEDIATE NORELY VALIDATE;
ALTER TABLE "SCOTT"."JB_GOODS_TYPE" ADD CONSTRAINT "SYS_C0013268" CHECK ("SORT_RANK" IS NOT NULL) NOT DEFERRABLE INITIALLY IMMEDIATE NORELY VALIDATE;
ALTER TABLE "SCOTT"."JB_GOODS_TYPE" ADD CONSTRAINT "SYS_C0013269" CHECK ("SPEC_COUNT" IS NOT NULL) NOT DEFERRABLE INITIALLY IMMEDIATE NORELY VALIDATE;
ALTER TABLE "SCOTT"."JB_GOODS_TYPE" ADD CONSTRAINT "SYS_C0013270" CHECK ("ATTR_COUNT" IS NOT NULL) NOT DEFERRABLE INITIALLY IMMEDIATE NORELY VALIDATE;
ALTER TABLE "SCOTT"."JB_GOODS_TYPE" ADD CONSTRAINT "SYS_C0013271" CHECK ("BRAND_COUNT" IS NOT NULL) NOT DEFERRABLE INITIALLY IMMEDIATE NORELY VALIDATE;
ALTER TABLE "SCOTT"."JB_GOODS_TYPE" ADD CONSTRAINT "SYS_C0013272" CHECK ("PINYIN" IS NOT NULL) NOT DEFERRABLE INITIALLY IMMEDIATE NORELY VALIDATE;

-- ----------------------------
-- Primary Key structure for table JB_GOODS_TYPE_BRAND
-- ----------------------------
ALTER TABLE "SCOTT"."JB_GOODS_TYPE_BRAND" ADD CONSTRAINT "jb_goods_type_brand_pkey" PRIMARY KEY ("ID");

-- ----------------------------
-- Checks structure for table JB_GOODS_TYPE_BRAND
-- ----------------------------
ALTER TABLE "SCOTT"."JB_GOODS_TYPE_BRAND" ADD CONSTRAINT "SYS_C0013273" CHECK ("ID" IS NOT NULL) NOT DEFERRABLE INITIALLY IMMEDIATE NORELY VALIDATE;
ALTER TABLE "SCOTT"."JB_GOODS_TYPE_BRAND" ADD CONSTRAINT "SYS_C0013274" CHECK ("GOODS_TYPE_ID" IS NOT NULL) NOT DEFERRABLE INITIALLY IMMEDIATE NORELY VALIDATE;
ALTER TABLE "SCOTT"."JB_GOODS_TYPE_BRAND" ADD CONSTRAINT "SYS_C0013275" CHECK ("BRAND_ID" IS NOT NULL) NOT DEFERRABLE INITIALLY IMMEDIATE NORELY VALIDATE;

-- ----------------------------
-- Primary Key structure for table JB_JBOLT_FILE
-- ----------------------------
ALTER TABLE "SCOTT"."JB_JBOLT_FILE" ADD CONSTRAINT "jb_jbolt_file_pkey" PRIMARY KEY ("ID");

-- ----------------------------
-- Checks structure for table JB_JBOLT_FILE
-- ----------------------------
ALTER TABLE "SCOTT"."JB_JBOLT_FILE" ADD CONSTRAINT "SYS_C0013276" CHECK ("ID" IS NOT NULL) NOT DEFERRABLE INITIALLY IMMEDIATE NORELY VALIDATE;
ALTER TABLE "SCOTT"."JB_JBOLT_FILE" ADD CONSTRAINT "SYS_C0013277" CHECK ("LOCAL_PATH" IS NOT NULL) NOT DEFERRABLE INITIALLY IMMEDIATE NORELY VALIDATE;
ALTER TABLE "SCOTT"."JB_JBOLT_FILE" ADD CONSTRAINT "SYS_C0013278" CHECK ("LOCAL_URL" IS NOT NULL) NOT DEFERRABLE INITIALLY IMMEDIATE NORELY VALIDATE;
ALTER TABLE "SCOTT"."JB_JBOLT_FILE" ADD CONSTRAINT "SYS_C0013279" CHECK ("CREATE_TIME" IS NOT NULL) NOT DEFERRABLE INITIALLY IMMEDIATE NORELY VALIDATE;
ALTER TABLE "SCOTT"."JB_JBOLT_FILE" ADD CONSTRAINT "SYS_C0013280" CHECK ("USER_ID" IS NOT NULL) NOT DEFERRABLE INITIALLY IMMEDIATE NORELY VALIDATE;
ALTER TABLE "SCOTT"."JB_JBOLT_FILE" ADD CONSTRAINT "SYS_C0013281" CHECK ("FILE_NAME" IS NOT NULL) NOT DEFERRABLE INITIALLY IMMEDIATE NORELY VALIDATE;
ALTER TABLE "SCOTT"."JB_JBOLT_FILE" ADD CONSTRAINT "SYS_C0013282" CHECK ("FILE_TYPE" IS NOT NULL) NOT DEFERRABLE INITIALLY IMMEDIATE NORELY VALIDATE;
ALTER TABLE "SCOTT"."JB_JBOLT_FILE" ADD CONSTRAINT "SYS_C0013283" CHECK ("FILE_SIZE" IS NOT NULL) NOT DEFERRABLE INITIALLY IMMEDIATE NORELY VALIDATE;

-- ----------------------------
-- Primary Key structure for table JB_JBOLT_VERSION
-- ----------------------------
ALTER TABLE "SCOTT"."JB_JBOLT_VERSION" ADD CONSTRAINT "jb_jbolt_version_pkey" PRIMARY KEY ("ID");

-- ----------------------------
-- Checks structure for table JB_JBOLT_VERSION
-- ----------------------------
ALTER TABLE "SCOTT"."JB_JBOLT_VERSION" ADD CONSTRAINT "SYS_C0013284" CHECK ("ID" IS NOT NULL) NOT DEFERRABLE INITIALLY IMMEDIATE NORELY VALIDATE;
ALTER TABLE "SCOTT"."JB_JBOLT_VERSION" ADD CONSTRAINT "SYS_C0013285" CHECK ("VERSION" IS NOT NULL) NOT DEFERRABLE INITIALLY IMMEDIATE NORELY VALIDATE;
ALTER TABLE "SCOTT"."JB_JBOLT_VERSION" ADD CONSTRAINT "SYS_C0013286" CHECK ("PUBLISH_TIME" IS NOT NULL) NOT DEFERRABLE INITIALLY IMMEDIATE NORELY VALIDATE;
ALTER TABLE "SCOTT"."JB_JBOLT_VERSION" ADD CONSTRAINT "SYS_C0013287" CHECK ("IS_NEW" IS NOT NULL) NOT DEFERRABLE INITIALLY IMMEDIATE NORELY VALIDATE;
ALTER TABLE "SCOTT"."JB_JBOLT_VERSION" ADD CONSTRAINT "SYS_C0013288" CHECK ("CREATE_TIME" IS NOT NULL) NOT DEFERRABLE INITIALLY IMMEDIATE NORELY VALIDATE;
ALTER TABLE "SCOTT"."JB_JBOLT_VERSION" ADD CONSTRAINT "SYS_C0013289" CHECK ("USER_ID" IS NOT NULL) NOT DEFERRABLE INITIALLY IMMEDIATE NORELY VALIDATE;

-- ----------------------------
-- Primary Key structure for table JB_JBOLT_VERSION_FILE
-- ----------------------------
ALTER TABLE "SCOTT"."JB_JBOLT_VERSION_FILE" ADD CONSTRAINT "jb_jbolt_version_file_pkey" PRIMARY KEY ("ID");

-- ----------------------------
-- Checks structure for table JB_JBOLT_VERSION_FILE
-- ----------------------------
ALTER TABLE "SCOTT"."JB_JBOLT_VERSION_FILE" ADD CONSTRAINT "SYS_C0013290" CHECK ("ID" IS NOT NULL) NOT DEFERRABLE INITIALLY IMMEDIATE NORELY VALIDATE;
ALTER TABLE "SCOTT"."JB_JBOLT_VERSION_FILE" ADD CONSTRAINT "SYS_C0013291" CHECK ("URL" IS NOT NULL) NOT DEFERRABLE INITIALLY IMMEDIATE NORELY VALIDATE;
ALTER TABLE "SCOTT"."JB_JBOLT_VERSION_FILE" ADD CONSTRAINT "SYS_C0013292" CHECK ("JBOLT_VERSION_ID" IS NOT NULL) NOT DEFERRABLE INITIALLY IMMEDIATE NORELY VALIDATE;

-- ----------------------------
-- Primary Key structure for table JB_ORDER
-- ----------------------------
ALTER TABLE "SCOTT"."JB_ORDER" ADD CONSTRAINT "jb_order_pkey" PRIMARY KEY ("ID");

-- ----------------------------
-- Checks structure for table JB_ORDER
-- ----------------------------
ALTER TABLE "SCOTT"."JB_ORDER" ADD CONSTRAINT "SYS_C0013293" CHECK ("ID" IS NOT NULL) NOT DEFERRABLE INITIALLY IMMEDIATE NORELY VALIDATE;
ALTER TABLE "SCOTT"."JB_ORDER" ADD CONSTRAINT "SYS_C0013294" CHECK ("ORDER_NO" IS NOT NULL) NOT DEFERRABLE INITIALLY IMMEDIATE NORELY VALIDATE;
ALTER TABLE "SCOTT"."JB_ORDER" ADD CONSTRAINT "SYS_C0013295" CHECK ("CREATE_TIME" IS NOT NULL) NOT DEFERRABLE INITIALLY IMMEDIATE NORELY VALIDATE;
ALTER TABLE "SCOTT"."JB_ORDER" ADD CONSTRAINT "SYS_C0013296" CHECK ("BUYER_ID" IS NOT NULL) NOT DEFERRABLE INITIALLY IMMEDIATE NORELY VALIDATE;
ALTER TABLE "SCOTT"."JB_ORDER" ADD CONSTRAINT "SYS_C0013297" CHECK ("BUYER_NAME" IS NOT NULL) NOT DEFERRABLE INITIALLY IMMEDIATE NORELY VALIDATE;
ALTER TABLE "SCOTT"."JB_ORDER" ADD CONSTRAINT "SYS_C0013298" CHECK ("UPDATE_TIME" IS NOT NULL) NOT DEFERRABLE INITIALLY IMMEDIATE NORELY VALIDATE;
ALTER TABLE "SCOTT"."JB_ORDER" ADD CONSTRAINT "SYS_C0013299" CHECK ("GOODS_AMOUNT" IS NOT NULL) NOT DEFERRABLE INITIALLY IMMEDIATE NORELY VALIDATE;
ALTER TABLE "SCOTT"."JB_ORDER" ADD CONSTRAINT "SYS_C0013300" CHECK ("POST_FEE" IS NOT NULL) NOT DEFERRABLE INITIALLY IMMEDIATE NORELY VALIDATE;
ALTER TABLE "SCOTT"."JB_ORDER" ADD CONSTRAINT "SYS_C0013301" CHECK ("PAYMENT_AMOUNT" IS NOT NULL) NOT DEFERRABLE INITIALLY IMMEDIATE NORELY VALIDATE;
ALTER TABLE "SCOTT"."JB_ORDER" ADD CONSTRAINT "SYS_C0013302" CHECK ("PAYMENT_TYPE" IS NOT NULL) NOT DEFERRABLE INITIALLY IMMEDIATE NORELY VALIDATE;

-- ----------------------------
-- Primary Key structure for table JB_ORDER_ITEM
-- ----------------------------
ALTER TABLE "SCOTT"."JB_ORDER_ITEM" ADD CONSTRAINT "jb_order_item_pkey" PRIMARY KEY ("ID");

-- ----------------------------
-- Checks structure for table JB_ORDER_ITEM
-- ----------------------------
ALTER TABLE "SCOTT"."JB_ORDER_ITEM" ADD CONSTRAINT "SYS_C0013303" CHECK ("ID" IS NOT NULL) NOT DEFERRABLE INITIALLY IMMEDIATE NORELY VALIDATE;
ALTER TABLE "SCOTT"."JB_ORDER_ITEM" ADD CONSTRAINT "SYS_C0013304" CHECK ("ORDER_ID" IS NOT NULL) NOT DEFERRABLE INITIALLY IMMEDIATE NORELY VALIDATE;
ALTER TABLE "SCOTT"."JB_ORDER_ITEM" ADD CONSTRAINT "SYS_C0013305" CHECK ("GOODS_ID" IS NOT NULL) NOT DEFERRABLE INITIALLY IMMEDIATE NORELY VALIDATE;
ALTER TABLE "SCOTT"."JB_ORDER_ITEM" ADD CONSTRAINT "SYS_C0013306" CHECK ("GOODS_NAME" IS NOT NULL) NOT DEFERRABLE INITIALLY IMMEDIATE NORELY VALIDATE;
ALTER TABLE "SCOTT"."JB_ORDER_ITEM" ADD CONSTRAINT "SYS_C0013307" CHECK ("PRICE" IS NOT NULL) NOT DEFERRABLE INITIALLY IMMEDIATE NORELY VALIDATE;
ALTER TABLE "SCOTT"."JB_ORDER_ITEM" ADD CONSTRAINT "SYS_C0013308" CHECK ("GOODS_COUNT" IS NOT NULL) NOT DEFERRABLE INITIALLY IMMEDIATE NORELY VALIDATE;
ALTER TABLE "SCOTT"."JB_ORDER_ITEM" ADD CONSTRAINT "SYS_C0013309" CHECK ("GOODS_AMOUNT" IS NOT NULL) NOT DEFERRABLE INITIALLY IMMEDIATE NORELY VALIDATE;
ALTER TABLE "SCOTT"."JB_ORDER_ITEM" ADD CONSTRAINT "SYS_C0013310" CHECK ("GOODS_IMAGE" IS NOT NULL) NOT DEFERRABLE INITIALLY IMMEDIATE NORELY VALIDATE;
ALTER TABLE "SCOTT"."JB_ORDER_ITEM" ADD CONSTRAINT "SYS_C0013311" CHECK ("ORDER_NO" IS NOT NULL) NOT DEFERRABLE INITIALLY IMMEDIATE NORELY VALIDATE;
ALTER TABLE "SCOTT"."JB_ORDER_ITEM" ADD CONSTRAINT "SYS_C0013312" CHECK ("SAVE_PRICE" IS NOT NULL) NOT DEFERRABLE INITIALLY IMMEDIATE NORELY VALIDATE;
ALTER TABLE "SCOTT"."JB_ORDER_ITEM" ADD CONSTRAINT "SYS_C0013313" CHECK ("SAVE_AMOUNT" IS NOT NULL) NOT DEFERRABLE INITIALLY IMMEDIATE NORELY VALIDATE;

-- ----------------------------
-- Primary Key structure for table JB_ORDER_SHIPPING
-- ----------------------------
ALTER TABLE "SCOTT"."JB_ORDER_SHIPPING" ADD CONSTRAINT "jb_order_shipping_pkey" PRIMARY KEY ("ID");

-- ----------------------------
-- Checks structure for table JB_ORDER_SHIPPING
-- ----------------------------
ALTER TABLE "SCOTT"."JB_ORDER_SHIPPING" ADD CONSTRAINT "SYS_C0013314" CHECK ("ID" IS NOT NULL) NOT DEFERRABLE INITIALLY IMMEDIATE NORELY VALIDATE;
ALTER TABLE "SCOTT"."JB_ORDER_SHIPPING" ADD CONSTRAINT "SYS_C0013315" CHECK ("ORDER_ID" IS NOT NULL) NOT DEFERRABLE INITIALLY IMMEDIATE NORELY VALIDATE;
ALTER TABLE "SCOTT"."JB_ORDER_SHIPPING" ADD CONSTRAINT "SYS_C0013316" CHECK ("NAME" IS NOT NULL) NOT DEFERRABLE INITIALLY IMMEDIATE NORELY VALIDATE;
ALTER TABLE "SCOTT"."JB_ORDER_SHIPPING" ADD CONSTRAINT "SYS_C0013317" CHECK ("PHONE" IS NOT NULL) NOT DEFERRABLE INITIALLY IMMEDIATE NORELY VALIDATE;
ALTER TABLE "SCOTT"."JB_ORDER_SHIPPING" ADD CONSTRAINT "SYS_C0013318" CHECK ("BUYER_NICKNAME" IS NOT NULL) NOT DEFERRABLE INITIALLY IMMEDIATE NORELY VALIDATE;
ALTER TABLE "SCOTT"."JB_ORDER_SHIPPING" ADD CONSTRAINT "SYS_C0013319" CHECK ("PROVINCE" IS NOT NULL) NOT DEFERRABLE INITIALLY IMMEDIATE NORELY VALIDATE;
ALTER TABLE "SCOTT"."JB_ORDER_SHIPPING" ADD CONSTRAINT "SYS_C0013320" CHECK ("CITY" IS NOT NULL) NOT DEFERRABLE INITIALLY IMMEDIATE NORELY VALIDATE;
ALTER TABLE "SCOTT"."JB_ORDER_SHIPPING" ADD CONSTRAINT "SYS_C0013321" CHECK ("ADDRESS" IS NOT NULL) NOT DEFERRABLE INITIALLY IMMEDIATE NORELY VALIDATE;
ALTER TABLE "SCOTT"."JB_ORDER_SHIPPING" ADD CONSTRAINT "SYS_C0013322" CHECK ("CREATE_TIME" IS NOT NULL) NOT DEFERRABLE INITIALLY IMMEDIATE NORELY VALIDATE;
ALTER TABLE "SCOTT"."JB_ORDER_SHIPPING" ADD CONSTRAINT "SYS_C0013323" CHECK ("UPDATE_TIME" IS NOT NULL) NOT DEFERRABLE INITIALLY IMMEDIATE NORELY VALIDATE;
ALTER TABLE "SCOTT"."JB_ORDER_SHIPPING" ADD CONSTRAINT "SYS_C0013324" CHECK ("UPDATE_USER_ID" IS NOT NULL) NOT DEFERRABLE INITIALLY IMMEDIATE NORELY VALIDATE;
ALTER TABLE "SCOTT"."JB_ORDER_SHIPPING" ADD CONSTRAINT "SYS_C0013325" CHECK ("ORDER_NO" IS NOT NULL) NOT DEFERRABLE INITIALLY IMMEDIATE NORELY VALIDATE;
ALTER TABLE "SCOTT"."JB_ORDER_SHIPPING" ADD CONSTRAINT "SYS_C0013326" CHECK ("BUYER_ID" IS NOT NULL) NOT DEFERRABLE INITIALLY IMMEDIATE NORELY VALIDATE;

-- ----------------------------
-- Primary Key structure for table JB_PERMISSION
-- ----------------------------
ALTER TABLE "SCOTT"."JB_PERMISSION" ADD CONSTRAINT "jb_permission_pkey" PRIMARY KEY ("ID");

-- ----------------------------
-- Checks structure for table JB_PERMISSION
-- ----------------------------
ALTER TABLE "SCOTT"."JB_PERMISSION" ADD CONSTRAINT "SYS_C0013327" CHECK ("ID" IS NOT NULL) NOT DEFERRABLE INITIALLY IMMEDIATE NORELY VALIDATE;
ALTER TABLE "SCOTT"."JB_PERMISSION" ADD CONSTRAINT "SYS_C0013328" CHECK ("TITLE" IS NOT NULL) NOT DEFERRABLE INITIALLY IMMEDIATE NORELY VALIDATE;
ALTER TABLE "SCOTT"."JB_PERMISSION" ADD CONSTRAINT "SYS_C0013329" CHECK ("PID" IS NOT NULL) NOT DEFERRABLE INITIALLY IMMEDIATE NORELY VALIDATE;
ALTER TABLE "SCOTT"."JB_PERMISSION" ADD CONSTRAINT "SYS_C0013330" CHECK ("SORT_RANK" IS NOT NULL) NOT DEFERRABLE INITIALLY IMMEDIATE NORELY VALIDATE;
ALTER TABLE "SCOTT"."JB_PERMISSION" ADD CONSTRAINT "SYS_C0013331" CHECK ("PERMISSION_LEVEL" IS NOT NULL) NOT DEFERRABLE INITIALLY IMMEDIATE NORELY VALIDATE;
ALTER TABLE "SCOTT"."JB_PERMISSION" ADD CONSTRAINT "SYS_C0013332" CHECK ("PERMISSION_KEY" IS NOT NULL) NOT DEFERRABLE INITIALLY IMMEDIATE NORELY VALIDATE;
ALTER TABLE "SCOTT"."JB_PERMISSION" ADD CONSTRAINT "SYS_C0013333" CHECK ("IS_MENU" IS NOT NULL) NOT DEFERRABLE INITIALLY IMMEDIATE NORELY VALIDATE;
ALTER TABLE "SCOTT"."JB_PERMISSION" ADD CONSTRAINT "SYS_C0013334" CHECK ("IS_SYSTEM_ADMIN_DEFAULT" IS NOT NULL) NOT DEFERRABLE INITIALLY IMMEDIATE NORELY VALIDATE;

-- ----------------------------
-- Primary Key structure for table JB_ROLE
-- ----------------------------
ALTER TABLE "SCOTT"."JB_ROLE" ADD CONSTRAINT "jb_role_pkey" PRIMARY KEY ("ID");

-- ----------------------------
-- Checks structure for table JB_ROLE
-- ----------------------------
ALTER TABLE "SCOTT"."JB_ROLE" ADD CONSTRAINT "SYS_C0013335" CHECK ("ID" IS NOT NULL) NOT DEFERRABLE INITIALLY IMMEDIATE NORELY VALIDATE;
ALTER TABLE "SCOTT"."JB_ROLE" ADD CONSTRAINT "SYS_C0013336" CHECK ("NAME" IS NOT NULL) NOT DEFERRABLE INITIALLY IMMEDIATE NORELY VALIDATE;
ALTER TABLE "SCOTT"."JB_ROLE" ADD CONSTRAINT "SYS_C0013337" CHECK ("PID" IS NOT NULL) NOT DEFERRABLE INITIALLY IMMEDIATE NORELY VALIDATE;

-- ----------------------------
-- Primary Key structure for table JB_ROLE_PERMISSION
-- ----------------------------
ALTER TABLE "SCOTT"."JB_ROLE_PERMISSION" ADD CONSTRAINT "jb_role_permission_pkey" PRIMARY KEY ("ID");

-- ----------------------------
-- Checks structure for table JB_ROLE_PERMISSION
-- ----------------------------
ALTER TABLE "SCOTT"."JB_ROLE_PERMISSION" ADD CONSTRAINT "SYS_C0013338" CHECK ("ID" IS NOT NULL) NOT DEFERRABLE INITIALLY IMMEDIATE NORELY VALIDATE;
ALTER TABLE "SCOTT"."JB_ROLE_PERMISSION" ADD CONSTRAINT "SYS_C0013339" CHECK ("ROLE_ID" IS NOT NULL) NOT DEFERRABLE INITIALLY IMMEDIATE NORELY VALIDATE;
ALTER TABLE "SCOTT"."JB_ROLE_PERMISSION" ADD CONSTRAINT "SYS_C0013340" CHECK ("PERMISSION_ID" IS NOT NULL) NOT DEFERRABLE INITIALLY IMMEDIATE NORELY VALIDATE;

-- ----------------------------
-- Primary Key structure for table JB_SHELF
-- ----------------------------
ALTER TABLE "SCOTT"."JB_SHELF" ADD CONSTRAINT "jb_shelf_pkey" PRIMARY KEY ("ID");

-- ----------------------------
-- Checks structure for table JB_SHELF
-- ----------------------------
ALTER TABLE "SCOTT"."JB_SHELF" ADD CONSTRAINT "SYS_C0013341" CHECK ("ID" IS NOT NULL) NOT DEFERRABLE INITIALLY IMMEDIATE NORELY VALIDATE;
ALTER TABLE "SCOTT"."JB_SHELF" ADD CONSTRAINT "SYS_C0013342" CHECK ("NAME" IS NOT NULL) NOT DEFERRABLE INITIALLY IMMEDIATE NORELY VALIDATE;
ALTER TABLE "SCOTT"."JB_SHELF" ADD CONSTRAINT "SYS_C0013343" CHECK ("ENABLE" IS NOT NULL) NOT DEFERRABLE INITIALLY IMMEDIATE NORELY VALIDATE;
ALTER TABLE "SCOTT"."JB_SHELF" ADD CONSTRAINT "SYS_C0013344" CHECK ("CREATE_TIME" IS NOT NULL) NOT DEFERRABLE INITIALLY IMMEDIATE NORELY VALIDATE;
ALTER TABLE "SCOTT"."JB_SHELF" ADD CONSTRAINT "SYS_C0013345" CHECK ("CREATE_USER_ID" IS NOT NULL) NOT DEFERRABLE INITIALLY IMMEDIATE NORELY VALIDATE;
ALTER TABLE "SCOTT"."JB_SHELF" ADD CONSTRAINT "SYS_C0013346" CHECK ("UPDATE_TIME" IS NOT NULL) NOT DEFERRABLE INITIALLY IMMEDIATE NORELY VALIDATE;
ALTER TABLE "SCOTT"."JB_SHELF" ADD CONSTRAINT "SYS_C0013347" CHECK ("UPDATE_USER_ID" IS NOT NULL) NOT DEFERRABLE INITIALLY IMMEDIATE NORELY VALIDATE;

-- ----------------------------
-- Primary Key structure for table JB_SHELF_ACTIVITY
-- ----------------------------
ALTER TABLE "SCOTT"."JB_SHELF_ACTIVITY" ADD CONSTRAINT "jb_shelf_activity_pkey" PRIMARY KEY ("ID");

-- ----------------------------
-- Checks structure for table JB_SHELF_ACTIVITY
-- ----------------------------
ALTER TABLE "SCOTT"."JB_SHELF_ACTIVITY" ADD CONSTRAINT "SYS_C0013348" CHECK ("ID" IS NOT NULL) NOT DEFERRABLE INITIALLY IMMEDIATE NORELY VALIDATE;
ALTER TABLE "SCOTT"."JB_SHELF_ACTIVITY" ADD CONSTRAINT "SYS_C0013349" CHECK ("POSTER_IMAGE" IS NOT NULL) NOT DEFERRABLE INITIALLY IMMEDIATE NORELY VALIDATE;
ALTER TABLE "SCOTT"."JB_SHELF_ACTIVITY" ADD CONSTRAINT "SYS_C0013350" CHECK ("OPEN_URL" IS NOT NULL) NOT DEFERRABLE INITIALLY IMMEDIATE NORELY VALIDATE;
ALTER TABLE "SCOTT"."JB_SHELF_ACTIVITY" ADD CONSTRAINT "SYS_C0013351" CHECK ("OPEN_TYPE" IS NOT NULL) NOT DEFERRABLE INITIALLY IMMEDIATE NORELY VALIDATE;
ALTER TABLE "SCOTT"."JB_SHELF_ACTIVITY" ADD CONSTRAINT "SYS_C0013352" CHECK ("SHELF_ELEMENT_ID" IS NOT NULL) NOT DEFERRABLE INITIALLY IMMEDIATE NORELY VALIDATE;
ALTER TABLE "SCOTT"."JB_SHELF_ACTIVITY" ADD CONSTRAINT "SYS_C0013353" CHECK ("SHELF_ID" IS NOT NULL) NOT DEFERRABLE INITIALLY IMMEDIATE NORELY VALIDATE;

-- ----------------------------
-- Primary Key structure for table JB_SHELF_CAROUSEL
-- ----------------------------
ALTER TABLE "SCOTT"."JB_SHELF_CAROUSEL" ADD CONSTRAINT "jb_shelf_carousel_pkey" PRIMARY KEY ("ID");

-- ----------------------------
-- Checks structure for table JB_SHELF_CAROUSEL
-- ----------------------------
ALTER TABLE "SCOTT"."JB_SHELF_CAROUSEL" ADD CONSTRAINT "SYS_C0013354" CHECK ("ID" IS NOT NULL) NOT DEFERRABLE INITIALLY IMMEDIATE NORELY VALIDATE;
ALTER TABLE "SCOTT"."JB_SHELF_CAROUSEL" ADD CONSTRAINT "SYS_C0013355" CHECK ("OPENTYPE" IS NOT NULL) NOT DEFERRABLE INITIALLY IMMEDIATE NORELY VALIDATE;
ALTER TABLE "SCOTT"."JB_SHELF_CAROUSEL" ADD CONSTRAINT "SYS_C0013356" CHECK ("OPEN_URL" IS NOT NULL) NOT DEFERRABLE INITIALLY IMMEDIATE NORELY VALIDATE;
ALTER TABLE "SCOTT"."JB_SHELF_CAROUSEL" ADD CONSTRAINT "SYS_C0013357" CHECK ("SHELF_ID" IS NOT NULL) NOT DEFERRABLE INITIALLY IMMEDIATE NORELY VALIDATE;
ALTER TABLE "SCOTT"."JB_SHELF_CAROUSEL" ADD CONSTRAINT "SYS_C0013358" CHECK ("SHELF_ELEMENT_ID" IS NOT NULL) NOT DEFERRABLE INITIALLY IMMEDIATE NORELY VALIDATE;
ALTER TABLE "SCOTT"."JB_SHELF_CAROUSEL" ADD CONSTRAINT "SYS_C0013359" CHECK ("SORT_RANK" IS NOT NULL) NOT DEFERRABLE INITIALLY IMMEDIATE NORELY VALIDATE;

-- ----------------------------
-- Primary Key structure for table JB_SHELF_ELEMENT
-- ----------------------------
ALTER TABLE "SCOTT"."JB_SHELF_ELEMENT" ADD CONSTRAINT "jb_shelf_element_pkey" PRIMARY KEY ("ID");

-- ----------------------------
-- Checks structure for table JB_SHELF_ELEMENT
-- ----------------------------
ALTER TABLE "SCOTT"."JB_SHELF_ELEMENT" ADD CONSTRAINT "SYS_C0013360" CHECK ("ID" IS NOT NULL) NOT DEFERRABLE INITIALLY IMMEDIATE NORELY VALIDATE;
ALTER TABLE "SCOTT"."JB_SHELF_ELEMENT" ADD CONSTRAINT "SYS_C0013361" CHECK ("TYPE" IS NOT NULL) NOT DEFERRABLE INITIALLY IMMEDIATE NORELY VALIDATE;
ALTER TABLE "SCOTT"."JB_SHELF_ELEMENT" ADD CONSTRAINT "SYS_C0013362" CHECK ("WIDTH" IS NOT NULL) NOT DEFERRABLE INITIALLY IMMEDIATE NORELY VALIDATE;
ALTER TABLE "SCOTT"."JB_SHELF_ELEMENT" ADD CONSTRAINT "SYS_C0013363" CHECK ("HEIGHT" IS NOT NULL) NOT DEFERRABLE INITIALLY IMMEDIATE NORELY VALIDATE;
ALTER TABLE "SCOTT"."JB_SHELF_ELEMENT" ADD CONSTRAINT "SYS_C0013364" CHECK ("SORT_RANK" IS NOT NULL) NOT DEFERRABLE INITIALLY IMMEDIATE NORELY VALIDATE;

-- ----------------------------
-- Primary Key structure for table JB_SHELF_GOODS_FLOOR
-- ----------------------------
ALTER TABLE "SCOTT"."JB_SHELF_GOODS_FLOOR" ADD CONSTRAINT "jb_shelf_goods_floor_pkey" PRIMARY KEY ("ID");

-- ----------------------------
-- Checks structure for table JB_SHELF_GOODS_FLOOR
-- ----------------------------
ALTER TABLE "SCOTT"."JB_SHELF_GOODS_FLOOR" ADD CONSTRAINT "SYS_C0013365" CHECK ("ID" IS NOT NULL) NOT DEFERRABLE INITIALLY IMMEDIATE NORELY VALIDATE;
ALTER TABLE "SCOTT"."JB_SHELF_GOODS_FLOOR" ADD CONSTRAINT "SYS_C0013366" CHECK ("GROUP_ID" IS NOT NULL) NOT DEFERRABLE INITIALLY IMMEDIATE NORELY VALIDATE;
ALTER TABLE "SCOTT"."JB_SHELF_GOODS_FLOOR" ADD CONSTRAINT "SYS_C0013367" CHECK ("TITLE" IS NOT NULL) NOT DEFERRABLE INITIALLY IMMEDIATE NORELY VALIDATE;
ALTER TABLE "SCOTT"."JB_SHELF_GOODS_FLOOR" ADD CONSTRAINT "SYS_C0013368" CHECK ("OPEN_URL" IS NOT NULL) NOT DEFERRABLE INITIALLY IMMEDIATE NORELY VALIDATE;
ALTER TABLE "SCOTT"."JB_SHELF_GOODS_FLOOR" ADD CONSTRAINT "SYS_C0013369" CHECK ("GOODS_COUNT" IS NOT NULL) NOT DEFERRABLE INITIALLY IMMEDIATE NORELY VALIDATE;
ALTER TABLE "SCOTT"."JB_SHELF_GOODS_FLOOR" ADD CONSTRAINT "SYS_C0013370" CHECK ("COLUMN_COUNT" IS NOT NULL) NOT DEFERRABLE INITIALLY IMMEDIATE NORELY VALIDATE;
ALTER TABLE "SCOTT"."JB_SHELF_GOODS_FLOOR" ADD CONSTRAINT "SYS_C0013371" CHECK ("SORT_RANK" IS NOT NULL) NOT DEFERRABLE INITIALLY IMMEDIATE NORELY VALIDATE;
ALTER TABLE "SCOTT"."JB_SHELF_GOODS_FLOOR" ADD CONSTRAINT "SYS_C0013372" CHECK ("SHELF_ID" IS NOT NULL) NOT DEFERRABLE INITIALLY IMMEDIATE NORELY VALIDATE;
ALTER TABLE "SCOTT"."JB_SHELF_GOODS_FLOOR" ADD CONSTRAINT "SYS_C0013373" CHECK ("SHELF_ELEMENT_ID" IS NOT NULL) NOT DEFERRABLE INITIALLY IMMEDIATE NORELY VALIDATE;

-- ----------------------------
-- Primary Key structure for table JB_SHELF_GOODS_GROUP
-- ----------------------------
ALTER TABLE "SCOTT"."JB_SHELF_GOODS_GROUP" ADD CONSTRAINT "jb_shelf_goods_group_pkey" PRIMARY KEY ("ID");

-- ----------------------------
-- Checks structure for table JB_SHELF_GOODS_GROUP
-- ----------------------------
ALTER TABLE "SCOTT"."JB_SHELF_GOODS_GROUP" ADD CONSTRAINT "SYS_C0013374" CHECK ("ID" IS NOT NULL) NOT DEFERRABLE INITIALLY IMMEDIATE NORELY VALIDATE;
ALTER TABLE "SCOTT"."JB_SHELF_GOODS_GROUP" ADD CONSTRAINT "SYS_C0013375" CHECK ("NAME" IS NOT NULL) NOT DEFERRABLE INITIALLY IMMEDIATE NORELY VALIDATE;
ALTER TABLE "SCOTT"."JB_SHELF_GOODS_GROUP" ADD CONSTRAINT "SYS_C0013376" CHECK ("SORT_RANK" IS NOT NULL) NOT DEFERRABLE INITIALLY IMMEDIATE NORELY VALIDATE;
ALTER TABLE "SCOTT"."JB_SHELF_GOODS_GROUP" ADD CONSTRAINT "SYS_C0013377" CHECK ("SHELF_ID" IS NOT NULL) NOT DEFERRABLE INITIALLY IMMEDIATE NORELY VALIDATE;
ALTER TABLE "SCOTT"."JB_SHELF_GOODS_GROUP" ADD CONSTRAINT "SYS_C0013378" CHECK ("SHELF_ELEMENT_ID" IS NOT NULL) NOT DEFERRABLE INITIALLY IMMEDIATE NORELY VALIDATE;

-- ----------------------------
-- Primary Key structure for table JB_SKU
-- ----------------------------
ALTER TABLE "SCOTT"."JB_SKU" ADD CONSTRAINT "jb_sku_pkey" PRIMARY KEY ("ID");

-- ----------------------------
-- Checks structure for table JB_SKU
-- ----------------------------
ALTER TABLE "SCOTT"."JB_SKU" ADD CONSTRAINT "SYS_C0013379" CHECK ("ID" IS NOT NULL) NOT DEFERRABLE INITIALLY IMMEDIATE NORELY VALIDATE;
ALTER TABLE "SCOTT"."JB_SKU" ADD CONSTRAINT "SYS_C0013380" CHECK ("SKU_KEY" IS NOT NULL) NOT DEFERRABLE INITIALLY IMMEDIATE NORELY VALIDATE;
ALTER TABLE "SCOTT"."JB_SKU" ADD CONSTRAINT "SYS_C0013381" CHECK ("SKU_NAME" IS NOT NULL) NOT DEFERRABLE INITIALLY IMMEDIATE NORELY VALIDATE;
ALTER TABLE "SCOTT"."JB_SKU" ADD CONSTRAINT "SYS_C0013382" CHECK ("GOODS_ID" IS NOT NULL) NOT DEFERRABLE INITIALLY IMMEDIATE NORELY VALIDATE;
ALTER TABLE "SCOTT"."JB_SKU" ADD CONSTRAINT "SYS_C0013383" CHECK ("GOODS_NAME" IS NOT NULL) NOT DEFERRABLE INITIALLY IMMEDIATE NORELY VALIDATE;
ALTER TABLE "SCOTT"."JB_SKU" ADD CONSTRAINT "SYS_C0013384" CHECK ("TYPE_ID" IS NOT NULL) NOT DEFERRABLE INITIALLY IMMEDIATE NORELY VALIDATE;
ALTER TABLE "SCOTT"."JB_SKU" ADD CONSTRAINT "SYS_C0013385" CHECK ("PRICE" IS NOT NULL) NOT DEFERRABLE INITIALLY IMMEDIATE NORELY VALIDATE;
ALTER TABLE "SCOTT"."JB_SKU" ADD CONSTRAINT "SYS_C0013386" CHECK ("ON_SALE" IS NOT NULL) NOT DEFERRABLE INITIALLY IMMEDIATE NORELY VALIDATE;
ALTER TABLE "SCOTT"."JB_SKU" ADD CONSTRAINT "SYS_C0013387" CHECK ("SELLOUT" IS NOT NULL) NOT DEFERRABLE INITIALLY IMMEDIATE NORELY VALIDATE;
ALTER TABLE "SCOTT"."JB_SKU" ADD CONSTRAINT "SYS_C0013388" CHECK ("REAL_SALE_COUNT" IS NOT NULL) NOT DEFERRABLE INITIALLY IMMEDIATE NORELY VALIDATE;
ALTER TABLE "SCOTT"."JB_SKU" ADD CONSTRAINT "SYS_C0013389" CHECK ("SHOW_SALE_COUNT" IS NOT NULL) NOT DEFERRABLE INITIALLY IMMEDIATE NORELY VALIDATE;
ALTER TABLE "SCOTT"."JB_SKU" ADD CONSTRAINT "SYS_C0013390" CHECK ("MAIN_IMAGE" IS NOT NULL) NOT DEFERRABLE INITIALLY IMMEDIATE NORELY VALIDATE;
ALTER TABLE "SCOTT"."JB_SKU" ADD CONSTRAINT "SYS_C0013392" CHECK ("IS_HOT" IS NOT NULL) NOT DEFERRABLE INITIALLY IMMEDIATE NORELY VALIDATE;
ALTER TABLE "SCOTT"."JB_SKU" ADD CONSTRAINT "SYS_C0013393" CHECK ("IS_RECOMMEND" IS NOT NULL) NOT DEFERRABLE INITIALLY IMMEDIATE NORELY VALIDATE;
ALTER TABLE "SCOTT"."JB_SKU" ADD CONSTRAINT "SYS_C0013394" CHECK ("NEED_CONTENT" IS NOT NULL) NOT DEFERRABLE INITIALLY IMMEDIATE NORELY VALIDATE;
ALTER TABLE "SCOTT"."JB_SKU" ADD CONSTRAINT "SYS_C0013395" CHECK ("CREATE_USER_ID" IS NOT NULL) NOT DEFERRABLE INITIALLY IMMEDIATE NORELY VALIDATE;
ALTER TABLE "SCOTT"."JB_SKU" ADD CONSTRAINT "SYS_C0013396" CHECK ("CREATE_TIME" IS NOT NULL) NOT DEFERRABLE INITIALLY IMMEDIATE NORELY VALIDATE;
ALTER TABLE "SCOTT"."JB_SKU" ADD CONSTRAINT "SYS_C0013397" CHECK ("UPDATE_TIME" IS NOT NULL) NOT DEFERRABLE INITIALLY IMMEDIATE NORELY VALIDATE;
ALTER TABLE "SCOTT"."JB_SKU" ADD CONSTRAINT "SYS_C0013398" CHECK ("UPDATE_USER_ID" IS NOT NULL) NOT DEFERRABLE INITIALLY IMMEDIATE NORELY VALIDATE;

-- ----------------------------
-- Primary Key structure for table JB_SKU_ITEM
-- ----------------------------
ALTER TABLE "SCOTT"."JB_SKU_ITEM" ADD CONSTRAINT "jb_sku_item_pkey" PRIMARY KEY ("ID");

-- ----------------------------
-- Checks structure for table JB_SKU_ITEM
-- ----------------------------
ALTER TABLE "SCOTT"."JB_SKU_ITEM" ADD CONSTRAINT "SYS_C0013399" CHECK ("ID" IS NOT NULL) NOT DEFERRABLE INITIALLY IMMEDIATE NORELY VALIDATE;
ALTER TABLE "SCOTT"."JB_SKU_ITEM" ADD CONSTRAINT "SYS_C0013400" CHECK ("SKU_ID" IS NOT NULL) NOT DEFERRABLE INITIALLY IMMEDIATE NORELY VALIDATE;
ALTER TABLE "SCOTT"."JB_SKU_ITEM" ADD CONSTRAINT "SYS_C0013401" CHECK ("GOODS_ID" IS NOT NULL) NOT DEFERRABLE INITIALLY IMMEDIATE NORELY VALIDATE;
ALTER TABLE "SCOTT"."JB_SKU_ITEM" ADD CONSTRAINT "SYS_C0013402" CHECK ("TYPE_ID" IS NOT NULL) NOT DEFERRABLE INITIALLY IMMEDIATE NORELY VALIDATE;
ALTER TABLE "SCOTT"."JB_SKU_ITEM" ADD CONSTRAINT "SYS_C0013403" CHECK ("SPEC_ID" IS NOT NULL) NOT DEFERRABLE INITIALLY IMMEDIATE NORELY VALIDATE;
ALTER TABLE "SCOTT"."JB_SKU_ITEM" ADD CONSTRAINT "SYS_C0013404" CHECK ("SPEC_ITEM_ID" IS NOT NULL) NOT DEFERRABLE INITIALLY IMMEDIATE NORELY VALIDATE;

-- ----------------------------
-- Primary Key structure for table JB_SPEC
-- ----------------------------
ALTER TABLE "SCOTT"."JB_SPEC" ADD CONSTRAINT "jb_spec_pkey" PRIMARY KEY ("ID");

-- ----------------------------
-- Checks structure for table JB_SPEC
-- ----------------------------
ALTER TABLE "SCOTT"."JB_SPEC" ADD CONSTRAINT "SYS_C0013405" CHECK ("ID" IS NOT NULL) NOT DEFERRABLE INITIALLY IMMEDIATE NORELY VALIDATE;
ALTER TABLE "SCOTT"."JB_SPEC" ADD CONSTRAINT "SYS_C0013406" CHECK ("NAME" IS NOT NULL) NOT DEFERRABLE INITIALLY IMMEDIATE NORELY VALIDATE;

-- ----------------------------
-- Primary Key structure for table JB_SPEC_ITEM
-- ----------------------------
ALTER TABLE "SCOTT"."JB_SPEC_ITEM" ADD CONSTRAINT "jb_spec_item_pkey" PRIMARY KEY ("ID");

-- ----------------------------
-- Checks structure for table JB_SPEC_ITEM
-- ----------------------------
ALTER TABLE "SCOTT"."JB_SPEC_ITEM" ADD CONSTRAINT "SYS_C0013407" CHECK ("ID" IS NOT NULL) NOT DEFERRABLE INITIALLY IMMEDIATE NORELY VALIDATE;
ALTER TABLE "SCOTT"."JB_SPEC_ITEM" ADD CONSTRAINT "SYS_C0013408" CHECK ("NAME" IS NOT NULL) NOT DEFERRABLE INITIALLY IMMEDIATE NORELY VALIDATE;
ALTER TABLE "SCOTT"."JB_SPEC_ITEM" ADD CONSTRAINT "SYS_C0013409" CHECK ("SPEC_ID" IS NOT NULL) NOT DEFERRABLE INITIALLY IMMEDIATE NORELY VALIDATE;

-- ----------------------------
-- Primary Key structure for table JB_SYSTEM_LOG
-- ----------------------------
ALTER TABLE "SCOTT"."JB_SYSTEM_LOG" ADD CONSTRAINT "jb_system_log_pkey" PRIMARY KEY ("ID");

-- ----------------------------
-- Checks structure for table JB_SYSTEM_LOG
-- ----------------------------
ALTER TABLE "SCOTT"."JB_SYSTEM_LOG" ADD CONSTRAINT "SYS_C0013410" CHECK ("ID" IS NOT NULL) NOT DEFERRABLE INITIALLY IMMEDIATE NORELY VALIDATE;

-- ----------------------------
-- Primary Key structure for table JB_UPDATE_LIBS
-- ----------------------------
ALTER TABLE "SCOTT"."JB_UPDATE_LIBS" ADD CONSTRAINT "jb_update_libs_pkey" PRIMARY KEY ("ID");

-- ----------------------------
-- Checks structure for table JB_UPDATE_LIBS
-- ----------------------------
ALTER TABLE "SCOTT"."JB_UPDATE_LIBS" ADD CONSTRAINT "SYS_C0013411" CHECK ("ID" IS NOT NULL) NOT DEFERRABLE INITIALLY IMMEDIATE NORELY VALIDATE;
ALTER TABLE "SCOTT"."JB_UPDATE_LIBS" ADD CONSTRAINT "SYS_C0013412" CHECK ("URL" IS NOT NULL) NOT DEFERRABLE INITIALLY IMMEDIATE NORELY VALIDATE;
ALTER TABLE "SCOTT"."JB_UPDATE_LIBS" ADD CONSTRAINT "SYS_C0013413" CHECK ("TARGET" IS NOT NULL) NOT DEFERRABLE INITIALLY IMMEDIATE NORELY VALIDATE;
ALTER TABLE "SCOTT"."JB_UPDATE_LIBS" ADD CONSTRAINT "SYS_C0013414" CHECK ("DELETE_ALL" IS NOT NULL) NOT DEFERRABLE INITIALLY IMMEDIATE NORELY VALIDATE;
ALTER TABLE "SCOTT"."JB_UPDATE_LIBS" ADD CONSTRAINT "SYS_C0013415" CHECK ("IS_MUST" IS NOT NULL) NOT DEFERRABLE INITIALLY IMMEDIATE NORELY VALIDATE;

-- ----------------------------
-- Primary Key structure for table JB_USER
-- ----------------------------
ALTER TABLE "SCOTT"."JB_USER" ADD CONSTRAINT "ID" PRIMARY KEY ("ID");

-- ----------------------------
-- Checks structure for table JB_USER
-- ----------------------------
ALTER TABLE "SCOTT"."JB_USER" ADD CONSTRAINT "SYS_C0013165" CHECK ("NAME" IS NOT NULL) NOT DEFERRABLE INITIALLY IMMEDIATE NORELY VALIDATE;
ALTER TABLE "SCOTT"."JB_USER" ADD CONSTRAINT "SYS_C0013166" CHECK ("PASSWORD" IS NOT NULL) NOT DEFERRABLE INITIALLY IMMEDIATE NORELY VALIDATE;
ALTER TABLE "SCOTT"."JB_USER" ADD CONSTRAINT "SYS_C0013167" CHECK ("USERNAME" IS NOT NULL) NOT DEFERRABLE INITIALLY IMMEDIATE NORELY VALIDATE;
ALTER TABLE "SCOTT"."JB_USER" ADD CONSTRAINT "SYS_C0013169" CHECK ("IS_SYSTEM_ADMIN" IS NOT NULL) NOT DEFERRABLE INITIALLY IMMEDIATE NORELY VALIDATE;
ALTER TABLE "SCOTT"."JB_USER" ADD CONSTRAINT "SYS_C0013170" CHECK ("ENABLE" IS NOT NULL) NOT DEFERRABLE INITIALLY IMMEDIATE NORELY VALIDATE;

-- ----------------------------
-- Primary Key structure for table JB_USER_CONFIG
-- ----------------------------
ALTER TABLE "SCOTT"."JB_USER_CONFIG" ADD CONSTRAINT "jb_user_config_pkey" PRIMARY KEY ("ID");

-- ----------------------------
-- Checks structure for table JB_USER_CONFIG
-- ----------------------------
ALTER TABLE "SCOTT"."JB_USER_CONFIG" ADD CONSTRAINT "SYS_C0013422" CHECK ("ID" IS NOT NULL) NOT DEFERRABLE INITIALLY IMMEDIATE NORELY VALIDATE;
ALTER TABLE "SCOTT"."JB_USER_CONFIG" ADD CONSTRAINT "SYS_C0013423" CHECK ("NAME" IS NOT NULL) NOT DEFERRABLE INITIALLY IMMEDIATE NORELY VALIDATE;
ALTER TABLE "SCOTT"."JB_USER_CONFIG" ADD CONSTRAINT "SYS_C0013424" CHECK ("CONFIG_KEY" IS NOT NULL) NOT DEFERRABLE INITIALLY IMMEDIATE NORELY VALIDATE;
ALTER TABLE "SCOTT"."JB_USER_CONFIG" ADD CONSTRAINT "SYS_C0013425" CHECK ("CONFIG_VALUE" IS NOT NULL) NOT DEFERRABLE INITIALLY IMMEDIATE NORELY VALIDATE;
ALTER TABLE "SCOTT"."JB_USER_CONFIG" ADD CONSTRAINT "SYS_C0013426" CHECK ("USER_ID" IS NOT NULL) NOT DEFERRABLE INITIALLY IMMEDIATE NORELY VALIDATE;
ALTER TABLE "SCOTT"."JB_USER_CONFIG" ADD CONSTRAINT "SYS_C0013427" CHECK ("CREATE_TIME" IS NOT NULL) NOT DEFERRABLE INITIALLY IMMEDIATE NORELY VALIDATE;
ALTER TABLE "SCOTT"."JB_USER_CONFIG" ADD CONSTRAINT "SYS_C0013428" CHECK ("UPDATE_TIME" IS NOT NULL) NOT DEFERRABLE INITIALLY IMMEDIATE NORELY VALIDATE;
ALTER TABLE "SCOTT"."JB_USER_CONFIG" ADD CONSTRAINT "SYS_C0013429" CHECK ("VALUE_TYPE" IS NOT NULL) NOT DEFERRABLE INITIALLY IMMEDIATE NORELY VALIDATE;

-- ----------------------------
-- Primary Key structure for table JB_WECHAT_ARTICLE
-- ----------------------------
ALTER TABLE "SCOTT"."JB_WECHAT_ARTICLE" ADD CONSTRAINT "jb_wechat_article_pkey" PRIMARY KEY ("ID");

-- ----------------------------
-- Checks structure for table JB_WECHAT_ARTICLE
-- ----------------------------
ALTER TABLE "SCOTT"."JB_WECHAT_ARTICLE" ADD CONSTRAINT "SYS_C0013430" CHECK ("ID" IS NOT NULL) NOT DEFERRABLE INITIALLY IMMEDIATE NORELY VALIDATE;
ALTER TABLE "SCOTT"."JB_WECHAT_ARTICLE" ADD CONSTRAINT "SYS_C0013431" CHECK ("CONTENT" IS NOT NULL) NOT DEFERRABLE INITIALLY IMMEDIATE NORELY VALIDATE;
ALTER TABLE "SCOTT"."JB_WECHAT_ARTICLE" ADD CONSTRAINT "SYS_C0013432" CHECK ("CREATE_TIME" IS NOT NULL) NOT DEFERRABLE INITIALLY IMMEDIATE NORELY VALIDATE;
ALTER TABLE "SCOTT"."JB_WECHAT_ARTICLE" ADD CONSTRAINT "SYS_C0013433" CHECK ("USER_ID" IS NOT NULL) NOT DEFERRABLE INITIALLY IMMEDIATE NORELY VALIDATE;
ALTER TABLE "SCOTT"."JB_WECHAT_ARTICLE" ADD CONSTRAINT "SYS_C0013434" CHECK ("UPDATE_TIME" IS NOT NULL) NOT DEFERRABLE INITIALLY IMMEDIATE NORELY VALIDATE;
ALTER TABLE "SCOTT"."JB_WECHAT_ARTICLE" ADD CONSTRAINT "SYS_C0013435" CHECK ("UPDATE_USER_ID" IS NOT NULL) NOT DEFERRABLE INITIALLY IMMEDIATE NORELY VALIDATE;
ALTER TABLE "SCOTT"."JB_WECHAT_ARTICLE" ADD CONSTRAINT "SYS_C0013436" CHECK ("BRIEF_INFO" IS NOT NULL) NOT DEFERRABLE INITIALLY IMMEDIATE NORELY VALIDATE;
ALTER TABLE "SCOTT"."JB_WECHAT_ARTICLE" ADD CONSTRAINT "SYS_C0013437" CHECK ("VIEW_COUNT" IS NOT NULL) NOT DEFERRABLE INITIALLY IMMEDIATE NORELY VALIDATE;
ALTER TABLE "SCOTT"."JB_WECHAT_ARTICLE" ADD CONSTRAINT "SYS_C0013438" CHECK ("MEDIA_ID" IS NOT NULL) NOT DEFERRABLE INITIALLY IMMEDIATE NORELY VALIDATE;
ALTER TABLE "SCOTT"."JB_WECHAT_ARTICLE" ADD CONSTRAINT "SYS_C0013439" CHECK ("MP_ID" IS NOT NULL) NOT DEFERRABLE INITIALLY IMMEDIATE NORELY VALIDATE;
ALTER TABLE "SCOTT"."JB_WECHAT_ARTICLE" ADD CONSTRAINT "SYS_C0013440" CHECK ("URL" IS NOT NULL) NOT DEFERRABLE INITIALLY IMMEDIATE NORELY VALIDATE;
ALTER TABLE "SCOTT"."JB_WECHAT_ARTICLE" ADD CONSTRAINT "SYS_C0013441" CHECK ("TYPE" IS NOT NULL) NOT DEFERRABLE INITIALLY IMMEDIATE NORELY VALIDATE;

-- ----------------------------
-- Primary Key structure for table JB_WECHAT_AUTOREPLY
-- ----------------------------
ALTER TABLE "SCOTT"."JB_WECHAT_AUTOREPLY" ADD CONSTRAINT "jb_wechat_autoreply_pkey" PRIMARY KEY ("ID");

-- ----------------------------
-- Checks structure for table JB_WECHAT_AUTOREPLY
-- ----------------------------
ALTER TABLE "SCOTT"."JB_WECHAT_AUTOREPLY" ADD CONSTRAINT "SYS_C0013442" CHECK ("ID" IS NOT NULL) NOT DEFERRABLE INITIALLY IMMEDIATE NORELY VALIDATE;
ALTER TABLE "SCOTT"."JB_WECHAT_AUTOREPLY" ADD CONSTRAINT "SYS_C0013443" CHECK ("MP_ID" IS NOT NULL) NOT DEFERRABLE INITIALLY IMMEDIATE NORELY VALIDATE;
ALTER TABLE "SCOTT"."JB_WECHAT_AUTOREPLY" ADD CONSTRAINT "SYS_C0013444" CHECK ("TYPE" IS NOT NULL) NOT DEFERRABLE INITIALLY IMMEDIATE NORELY VALIDATE;
ALTER TABLE "SCOTT"."JB_WECHAT_AUTOREPLY" ADD CONSTRAINT "SYS_C0013445" CHECK ("NAME" IS NOT NULL) NOT DEFERRABLE INITIALLY IMMEDIATE NORELY VALIDATE;
ALTER TABLE "SCOTT"."JB_WECHAT_AUTOREPLY" ADD CONSTRAINT "SYS_C0013446" CHECK ("REPLY_TYPE" IS NOT NULL) NOT DEFERRABLE INITIALLY IMMEDIATE NORELY VALIDATE;
ALTER TABLE "SCOTT"."JB_WECHAT_AUTOREPLY" ADD CONSTRAINT "SYS_C0013447" CHECK ("CREATE_TIME" IS NOT NULL) NOT DEFERRABLE INITIALLY IMMEDIATE NORELY VALIDATE;
ALTER TABLE "SCOTT"."JB_WECHAT_AUTOREPLY" ADD CONSTRAINT "SYS_C0013448" CHECK ("USER_ID" IS NOT NULL) NOT DEFERRABLE INITIALLY IMMEDIATE NORELY VALIDATE;
ALTER TABLE "SCOTT"."JB_WECHAT_AUTOREPLY" ADD CONSTRAINT "SYS_C0013449" CHECK ("ENABLE" IS NOT NULL) NOT DEFERRABLE INITIALLY IMMEDIATE NORELY VALIDATE;

-- ----------------------------
-- Primary Key structure for table JB_WECHAT_CONFIG
-- ----------------------------
ALTER TABLE "SCOTT"."JB_WECHAT_CONFIG" ADD CONSTRAINT "jb_wechat_config_pkey" PRIMARY KEY ("ID");

-- ----------------------------
-- Checks structure for table JB_WECHAT_CONFIG
-- ----------------------------
ALTER TABLE "SCOTT"."JB_WECHAT_CONFIG" ADD CONSTRAINT "SYS_C0013450" CHECK ("ID" IS NOT NULL) NOT DEFERRABLE INITIALLY IMMEDIATE NORELY VALIDATE;
ALTER TABLE "SCOTT"."JB_WECHAT_CONFIG" ADD CONSTRAINT "SYS_C0013451" CHECK ("MP_ID" IS NOT NULL) NOT DEFERRABLE INITIALLY IMMEDIATE NORELY VALIDATE;
ALTER TABLE "SCOTT"."JB_WECHAT_CONFIG" ADD CONSTRAINT "SYS_C0013452" CHECK ("CONFIG_KEY" IS NOT NULL) NOT DEFERRABLE INITIALLY IMMEDIATE NORELY VALIDATE;
ALTER TABLE "SCOTT"."JB_WECHAT_CONFIG" ADD CONSTRAINT "SYS_C0013453" CHECK ("NAME" IS NOT NULL) NOT DEFERRABLE INITIALLY IMMEDIATE NORELY VALIDATE;
ALTER TABLE "SCOTT"."JB_WECHAT_CONFIG" ADD CONSTRAINT "SYS_C0013454" CHECK ("TYPE" IS NOT NULL) NOT DEFERRABLE INITIALLY IMMEDIATE NORELY VALIDATE;

-- ----------------------------
-- Primary Key structure for table JB_WECHAT_KEYWORDS
-- ----------------------------
ALTER TABLE "SCOTT"."JB_WECHAT_KEYWORDS" ADD CONSTRAINT "jb_wechat_keywords_pkey" PRIMARY KEY ("ID");

-- ----------------------------
-- Checks structure for table JB_WECHAT_KEYWORDS
-- ----------------------------
ALTER TABLE "SCOTT"."JB_WECHAT_KEYWORDS" ADD CONSTRAINT "SYS_C0013455" CHECK ("ID" IS NOT NULL) NOT DEFERRABLE INITIALLY IMMEDIATE NORELY VALIDATE;
ALTER TABLE "SCOTT"."JB_WECHAT_KEYWORDS" ADD CONSTRAINT "SYS_C0013456" CHECK ("MP_ID" IS NOT NULL) NOT DEFERRABLE INITIALLY IMMEDIATE NORELY VALIDATE;
ALTER TABLE "SCOTT"."JB_WECHAT_KEYWORDS" ADD CONSTRAINT "SYS_C0013457" CHECK ("NAME" IS NOT NULL) NOT DEFERRABLE INITIALLY IMMEDIATE NORELY VALIDATE;
ALTER TABLE "SCOTT"."JB_WECHAT_KEYWORDS" ADD CONSTRAINT "SYS_C0013458" CHECK ("TYPE" IS NOT NULL) NOT DEFERRABLE INITIALLY IMMEDIATE NORELY VALIDATE;
ALTER TABLE "SCOTT"."JB_WECHAT_KEYWORDS" ADD CONSTRAINT "SYS_C0013459" CHECK ("AUTO_REPLY_ID" IS NOT NULL) NOT DEFERRABLE INITIALLY IMMEDIATE NORELY VALIDATE;

-- ----------------------------
-- Primary Key structure for table JB_WECHAT_MEDIA
-- ----------------------------
ALTER TABLE "SCOTT"."JB_WECHAT_MEDIA" ADD CONSTRAINT "jb_wechat_media_pkey" PRIMARY KEY ("ID");

-- ----------------------------
-- Checks structure for table JB_WECHAT_MEDIA
-- ----------------------------
ALTER TABLE "SCOTT"."JB_WECHAT_MEDIA" ADD CONSTRAINT "SYS_C0013460" CHECK ("ID" IS NOT NULL) NOT DEFERRABLE INITIALLY IMMEDIATE NORELY VALIDATE;
ALTER TABLE "SCOTT"."JB_WECHAT_MEDIA" ADD CONSTRAINT "SYS_C0013461" CHECK ("TITLE" IS NOT NULL) NOT DEFERRABLE INITIALLY IMMEDIATE NORELY VALIDATE;
ALTER TABLE "SCOTT"."JB_WECHAT_MEDIA" ADD CONSTRAINT "SYS_C0013462" CHECK ("TYPE" IS NOT NULL) NOT DEFERRABLE INITIALLY IMMEDIATE NORELY VALIDATE;
ALTER TABLE "SCOTT"."JB_WECHAT_MEDIA" ADD CONSTRAINT "SYS_C0013463" CHECK ("MP_ID" IS NOT NULL) NOT DEFERRABLE INITIALLY IMMEDIATE NORELY VALIDATE;
ALTER TABLE "SCOTT"."JB_WECHAT_MEDIA" ADD CONSTRAINT "SYS_C0013464" CHECK ("MEDIA_ID" IS NOT NULL) NOT DEFERRABLE INITIALLY IMMEDIATE NORELY VALIDATE;
ALTER TABLE "SCOTT"."JB_WECHAT_MEDIA" ADD CONSTRAINT "SYS_C0013465" CHECK ("UPDATE_TIME" IS NOT NULL) NOT DEFERRABLE INITIALLY IMMEDIATE NORELY VALIDATE;

-- ----------------------------
-- Primary Key structure for table JB_WECHAT_MENU
-- ----------------------------
ALTER TABLE "SCOTT"."JB_WECHAT_MENU" ADD CONSTRAINT "jb_wechat_menu_pkey" PRIMARY KEY ("ID");

-- ----------------------------
-- Checks structure for table JB_WECHAT_MENU
-- ----------------------------
ALTER TABLE "SCOTT"."JB_WECHAT_MENU" ADD CONSTRAINT "SYS_C0013466" CHECK ("ID" IS NOT NULL) NOT DEFERRABLE INITIALLY IMMEDIATE NORELY VALIDATE;
ALTER TABLE "SCOTT"."JB_WECHAT_MENU" ADD CONSTRAINT "SYS_C0013467" CHECK ("MP_ID" IS NOT NULL) NOT DEFERRABLE INITIALLY IMMEDIATE NORELY VALIDATE;
ALTER TABLE "SCOTT"."JB_WECHAT_MENU" ADD CONSTRAINT "SYS_C0013468" CHECK ("TYPE" IS NOT NULL) NOT DEFERRABLE INITIALLY IMMEDIATE NORELY VALIDATE;
ALTER TABLE "SCOTT"."JB_WECHAT_MENU" ADD CONSTRAINT "SYS_C0013469" CHECK ("NAME" IS NOT NULL) NOT DEFERRABLE INITIALLY IMMEDIATE NORELY VALIDATE;
ALTER TABLE "SCOTT"."JB_WECHAT_MENU" ADD CONSTRAINT "SYS_C0013470" CHECK ("PID" IS NOT NULL) NOT DEFERRABLE INITIALLY IMMEDIATE NORELY VALIDATE;
ALTER TABLE "SCOTT"."JB_WECHAT_MENU" ADD CONSTRAINT "SYS_C0013471" CHECK ("SORT_RANK" IS NOT NULL) NOT DEFERRABLE INITIALLY IMMEDIATE NORELY VALIDATE;

-- ----------------------------
-- Primary Key structure for table JB_WECHAT_MPINFO
-- ----------------------------
ALTER TABLE "SCOTT"."JB_WECHAT_MPINFO" ADD CONSTRAINT "jb_wechat_mpinfo_pkey" PRIMARY KEY ("ID");

-- ----------------------------
-- Checks structure for table JB_WECHAT_MPINFO
-- ----------------------------
ALTER TABLE "SCOTT"."JB_WECHAT_MPINFO" ADD CONSTRAINT "SYS_C0013472" CHECK ("ID" IS NOT NULL) NOT DEFERRABLE INITIALLY IMMEDIATE NORELY VALIDATE;
ALTER TABLE "SCOTT"."JB_WECHAT_MPINFO" ADD CONSTRAINT "SYS_C0013473" CHECK ("NAME" IS NOT NULL) NOT DEFERRABLE INITIALLY IMMEDIATE NORELY VALIDATE;
ALTER TABLE "SCOTT"."JB_WECHAT_MPINFO" ADD CONSTRAINT "SYS_C0013474" CHECK ("CREATE_TIME" IS NOT NULL) NOT DEFERRABLE INITIALLY IMMEDIATE NORELY VALIDATE;
ALTER TABLE "SCOTT"."JB_WECHAT_MPINFO" ADD CONSTRAINT "SYS_C0013475" CHECK ("USER_ID" IS NOT NULL) NOT DEFERRABLE INITIALLY IMMEDIATE NORELY VALIDATE;
ALTER TABLE "SCOTT"."JB_WECHAT_MPINFO" ADD CONSTRAINT "SYS_C0013476" CHECK ("ENABLE" IS NOT NULL) NOT DEFERRABLE INITIALLY IMMEDIATE NORELY VALIDATE;
ALTER TABLE "SCOTT"."JB_WECHAT_MPINFO" ADD CONSTRAINT "SYS_C0013477" CHECK ("UPDATE_TIME" IS NOT NULL) NOT DEFERRABLE INITIALLY IMMEDIATE NORELY VALIDATE;
ALTER TABLE "SCOTT"."JB_WECHAT_MPINFO" ADD CONSTRAINT "SYS_C0013478" CHECK ("UPDATE_USER_ID" IS NOT NULL) NOT DEFERRABLE INITIALLY IMMEDIATE NORELY VALIDATE;
ALTER TABLE "SCOTT"."JB_WECHAT_MPINFO" ADD CONSTRAINT "SYS_C0013479" CHECK ("TYPE" IS NOT NULL) NOT DEFERRABLE INITIALLY IMMEDIATE NORELY VALIDATE;
ALTER TABLE "SCOTT"."JB_WECHAT_MPINFO" ADD CONSTRAINT "SYS_C0013480" CHECK ("IS_AUTHENTICATED" IS NOT NULL) NOT DEFERRABLE INITIALLY IMMEDIATE NORELY VALIDATE;
ALTER TABLE "SCOTT"."JB_WECHAT_MPINFO" ADD CONSTRAINT "SYS_C0013481" CHECK ("SUBJECT_TYPE" IS NOT NULL) NOT DEFERRABLE INITIALLY IMMEDIATE NORELY VALIDATE;

-- ----------------------------
-- Primary Key structure for table JB_WECHAT_REPLY_CONTENT
-- ----------------------------
ALTER TABLE "SCOTT"."JB_WECHAT_REPLY_CONTENT" ADD CONSTRAINT "jb_wechat_reply_content_pkey" PRIMARY KEY ("ID");

-- ----------------------------
-- Checks structure for table JB_WECHAT_REPLY_CONTENT
-- ----------------------------
ALTER TABLE "SCOTT"."JB_WECHAT_REPLY_CONTENT" ADD CONSTRAINT "SYS_C0013482" CHECK ("ID" IS NOT NULL) NOT DEFERRABLE INITIALLY IMMEDIATE NORELY VALIDATE;
ALTER TABLE "SCOTT"."JB_WECHAT_REPLY_CONTENT" ADD CONSTRAINT "SYS_C0013483" CHECK ("TYPE" IS NOT NULL) NOT DEFERRABLE INITIALLY IMMEDIATE NORELY VALIDATE;
ALTER TABLE "SCOTT"."JB_WECHAT_REPLY_CONTENT" ADD CONSTRAINT "SYS_C0013484" CHECK ("AUTO_REPLY_ID" IS NOT NULL) NOT DEFERRABLE INITIALLY IMMEDIATE NORELY VALIDATE;
ALTER TABLE "SCOTT"."JB_WECHAT_REPLY_CONTENT" ADD CONSTRAINT "SYS_C0013485" CHECK ("CREATE_TIME" IS NOT NULL) NOT DEFERRABLE INITIALLY IMMEDIATE NORELY VALIDATE;
ALTER TABLE "SCOTT"."JB_WECHAT_REPLY_CONTENT" ADD CONSTRAINT "SYS_C0013486" CHECK ("MP_ID" IS NOT NULL) NOT DEFERRABLE INITIALLY IMMEDIATE NORELY VALIDATE;
ALTER TABLE "SCOTT"."JB_WECHAT_REPLY_CONTENT" ADD CONSTRAINT "SYS_C0013487" CHECK ("SORT_RANK" IS NOT NULL) NOT DEFERRABLE INITIALLY IMMEDIATE NORELY VALIDATE;
ALTER TABLE "SCOTT"."JB_WECHAT_REPLY_CONTENT" ADD CONSTRAINT "SYS_C0013488" CHECK ("ENABLE" IS NOT NULL) NOT DEFERRABLE INITIALLY IMMEDIATE NORELY VALIDATE;
ALTER TABLE "SCOTT"."JB_WECHAT_REPLY_CONTENT" ADD CONSTRAINT "SYS_C0013541" CHECK ("CONTENT" IS NOT NULL) NOT DEFERRABLE INITIALLY IMMEDIATE NORELY VALIDATE;

-- ----------------------------
-- Primary Key structure for table JB_WECHAT_USER
-- ----------------------------
ALTER TABLE "SCOTT"."JB_WECHAT_USER" ADD CONSTRAINT "jb_wechat_user_pkey" PRIMARY KEY ("ID");

-- ----------------------------
-- Checks structure for table JB_WECHAT_USER
-- ----------------------------
ALTER TABLE "SCOTT"."JB_WECHAT_USER" ADD CONSTRAINT "SYS_C0013489" CHECK ("ID" IS NOT NULL) NOT DEFERRABLE INITIALLY IMMEDIATE NORELY VALIDATE;
ALTER TABLE "SCOTT"."JB_WECHAT_USER" ADD CONSTRAINT "SYS_C0013490" CHECK ("NICKNAME" IS NOT NULL) NOT DEFERRABLE INITIALLY IMMEDIATE NORELY VALIDATE;
ALTER TABLE "SCOTT"."JB_WECHAT_USER" ADD CONSTRAINT "SYS_C0013491" CHECK ("OPEN_ID" IS NOT NULL) NOT DEFERRABLE INITIALLY IMMEDIATE NORELY VALIDATE;
ALTER TABLE "SCOTT"."JB_WECHAT_USER" ADD CONSTRAINT "SYS_C0013492" CHECK ("SUBSCIBE" IS NOT NULL) NOT DEFERRABLE INITIALLY IMMEDIATE NORELY VALIDATE;